{
	"nodes": {
		"unstack_com": {
			"name": "unstack.com",
			"label": {
				"show": true,
				"formatter": "unstack.com"
			},
			"graph_name": "unstack.com",
			"title": "",
			"basic_tag": "",
			"basic_firstScan": "2020-07-22 04:49:36",
			"basic_lastScan": "2020-10-15 00:00:29",
			"is_alive": true,
			"icp_websiteName": "",
			"icp_number": "",
			"topdomain_rank": 0,
			"topdomain_score": 0,
			"topdomain_reqCount": 0,
			"is_dga": false,
			"dga_family": "",
			"is_geo_chinese": false,
			"urldb_count": 3,
			"is_geo_chinese_mainland": false,
			"basic_src": "request_jump",
			"id": "unstack.com",
			"symbolSize": 10,
			"category": "Domain"
		},
		"54_88_224_119": {
			"name": "54.88.224.119",
			"label": {
				"show": true,
				"formatter": "54.88.224.119"
			},
			"graph_name": "54.88.224.119",
			"is_cdn": false,
			"country": "美国",
			"province": "弗吉尼亚州",
			"city": "阿什本",
			"isp": "amazon.com",
			"id": "54.88.224.119",
			"symbolSize": 10,
			"category": "IP"
		},
		"52_0_130_107": {
			"name": "52.0.130.107",
			"label": {
				"show": true,
				"formatter": "52.0.130.107"
			},
			"graph_name": "52.0.130.107",
			"is_cdn": false,
			"country": "美国",
			"province": "弗吉尼亚州",
			"city": "阿什本",
			"isp": "amazon.com",
			"id": "52.0.130.107",
			"symbolSize": 10,
			"category": "IP"
		},
		"www_unstack_com": {
			"name": "www.unstack.com",
			"label": {
				"show": true,
				"formatter": "www.unstack.com"
			},
			"graph_name": "www.unstack.com",
			"title": "The website and landing page platform for SaaS | Unstack Inc.",
			"basic_tag": "",
			"basic_firstScan": "2020-07-22 04:49:36",
			"basic_lastScan": "2020-10-15 00:00:29",
			"is_alive": true,
			"icp_websiteName": "",
			"icp_number": "",
			"topdomain_rank": 0,
			"topdomain_score": 0,
			"topdomain_reqCount": 0,
			"is_dga": false,
			"dga_family": "",
			"urldb_count": 1,
			"is_geo_chinese": false,
			"is_geo_chinese_mainland": false,
			"basic_src": "request_jump",
			"id": "www.unstack.com",
			"symbolSize": 10,
			"category": "Domain"
		},
		"54_84_164_31": {
			"name": "54.84.164.31",
			"label": {
				"show": true,
				"formatter": "54.84.164.31"
			},
			"graph_name": "54.84.164.31",
			"id": "54.84.164.31",
			"symbolSize": 10,
			"category": "IP"
		},
		"52_5_35_83": {
			"name": "52.5.35.83",
			"label": {
				"show": true,
				"formatter": "52.5.35.83"
			},
			"graph_name": "52.5.35.83",
			"id": "52.5.35.83",
			"symbolSize": 10,
			"category": "IP"
		},
		"35_170_221_39": {
			"name": "35.170.221.39",
			"label": {
				"show": true,
				"formatter": "35.170.221.39"
			},
			"graph_name": "35.170.221.39",
			"id": "35.170.221.39",
			"symbolSize": 10,
			"category": "IP"
		},
		"3_230_244_65": {
			"name": "3.230.244.65",
			"label": {
				"show": true,
				"formatter": "3.230.244.65"
			},
			"graph_name": "3.230.244.65",
			"id": "3.230.244.65",
			"symbolSize": 10,
			"category": "IP"
		},
		"54_82_196_193": {
			"name": "54.82.196.193",
			"label": {
				"show": true,
				"formatter": "54.82.196.193"
			},
			"graph_name": "54.82.196.193",
			"id": "54.82.196.193",
			"symbolSize": 10,
			"category": "IP"
		},
		"34_226_50_122": {
			"name": "34.226.50.122",
			"label": {
				"show": true,
				"formatter": "34.226.50.122"
			},
			"graph_name": "34.226.50.122",
			"id": "34.226.50.122",
			"symbolSize": 10,
			"category": "IP"
		},
		"34_202_61_2": {
			"name": "34.202.61.2",
			"label": {
				"show": true,
				"formatter": "34.202.61.2"
			},
			"graph_name": "34.202.61.2",
			"id": "34.202.61.2",
			"symbolSize": 10,
			"category": "IP"
		},
		"3_208_248_113": {
			"name": "3.208.248.113",
			"label": {
				"show": true,
				"formatter": "3.208.248.113"
			},
			"graph_name": "3.208.248.113",
			"id": "3.208.248.113",
			"symbolSize": 10,
			"category": "IP"
		},
		"3_211_166_139": {
			"name": "3.211.166.139",
			"label": {
				"show": true,
				"formatter": "3.211.166.139"
			},
			"graph_name": "3.211.166.139",
			"id": "3.211.166.139",
			"symbolSize": 10,
			"category": "IP"
		},
		"www_unstacksite_com": {
			"name": "www.unstacksite.com",
			"label": {
				"show": true,
				"formatter": "www.unstacksite.com"
			},
			"graph_name": "www.unstacksite.com",
			"title": "",
			"basic_tag": "",
			"basic_firstScan": "2020-07-21 10:46:59",
			"basic_lastScan": "2020-10-14 23:58:50",
			"is_alive": true,
			"icp_websiteName": "",
			"icp_number": "",
			"topdomain_rank": 0,
			"topdomain_score": 0,
			"topdomain_reqCount": 0,
			"is_dga": false,
			"dga_family": "",
			"is_geo_chinese": false,
			"urldb_count": 2,
			"is_geo_chinese_mainland": false,
			"basic_src": "request_jump",
			"id": "www.unstacksite.com",
			"symbolSize": 10,
			"category": "Domain"
		},
		"34_235_32_245": {
			"name": "34.235.32.245",
			"label": {
				"show": true,
				"formatter": "34.235.32.245"
			},
			"graph_name": "34.235.32.245",
			"is_cdn": false,
			"country": "美国",
			"province": "弗吉尼亚州",
			"city": "阿什本",
			"isp": "amazon.com",
			"id": "34.235.32.245",
			"symbolSize": 10,
			"category": "IP"
		},
		"52_1_162_153": {
			"name": "52.1.162.153",
			"label": {
				"show": true,
				"formatter": "52.1.162.153"
			},
			"graph_name": "52.1.162.153",
			"is_cdn": false,
			"country": "美国",
			"province": "弗吉尼亚州",
			"city": "阿什本",
			"isp": "amazon.com",
			"id": "52.1.162.153",
			"symbolSize": 10,
			"category": "IP"
		},
		"ae8fec157d40f0a9c5b43995daa84316761b7c13afb8a3c3b76b5efe0007ef24": {
			"name": "ae8fec157d40f0a9c5b43995daa84316761b7c13afb8a3c3b76b5efe0007ef24",
			"label": {
				"show": true,
				"formatter": "ae8fec157d40f0a9c5b43995daa84316761b7c13afb8a3c3b76b5efe0007ef24"
			},
			"graph_name": "ae8fec157d40f0a9c5b43995daa84316761b7c13afb8a3c3b76b5efe0007ef24",
			"id": "ae8fec157d40f0a9c5b43995daa84316761b7c13afb8a3c3b76b5efe0007ef24",
			"symbolSize": 10,
			"category": "Cert_SHA256"
		},
		"unstacksite_com": {
			"name": "unstacksite.com",
			"label": {
				"show": true,
				"formatter": "unstacksite.com"
			},
			"graph_name": "unstacksite.com",
			"title": "",
			"basic_tag": "",
			"basic_firstScan": "2020-07-21 01:51:59",
			"basic_lastScan": "2020-10-14 22:02:56",
			"is_alive": true,
			"icp_websiteName": "",
			"icp_number": "",
			"topdomain_rank": 0,
			"topdomain_score": 0,
			"topdomain_reqCount": 0,
			"is_dga": false,
			"dga_family": "",
			"is_geo_chinese": false,
			"urldb_count": 2,
			"is_geo_chinese_mainland": false,
			"basic_src": "cname_domain;request_jump",
			"id": "unstacksite.com",
			"symbolSize": 10,
			"category": "Domain"
		},
		"3_208_154_216": {
			"name": "3.208.154.216",
			"label": {
				"show": true,
				"formatter": "3.208.154.216"
			},
			"graph_name": "3.208.154.216",
			"id": "3.208.154.216",
			"symbolSize": 10,
			"category": "IP"
		},
		"3_230_244_0_24": {
			"name": "3.230.244.0/24",
			"label": {
				"show": true,
				"formatter": "3.230.244.0/24"
			},
			"graph_name": "3.230.244.0/24",
			"id": "3.230.244.0/24",
			"symbolSize": 10,
			"category": "IP_CIDR"
		},
		"AS14618": {
			"name": "AS14618",
			"label": {
				"show": true,
				"formatter": "AS14618"
			},
			"graph_name": "AS14618",
			"id": "AS14618",
			"symbolSize": 10,
			"category": "ASN"
		},
		"52_5_35_0_24": {
			"name": "52.5.35.0/24",
			"label": {
				"show": true,
				"formatter": "52.5.35.0/24"
			},
			"graph_name": "52.5.35.0/24",
			"id": "52.5.35.0/24",
			"symbolSize": 10,
			"category": "IP_CIDR"
		},
		"35_170_221_0_24": {
			"name": "35.170.221.0/24",
			"label": {
				"show": true,
				"formatter": "35.170.221.0/24"
			},
			"graph_name": "35.170.221.0/24",
			"id": "35.170.221.0/24",
			"symbolSize": 10,
			"category": "IP_CIDR"
		},
		"54_82_196_0_24": {
			"name": "54.82.196.0/24",
			"label": {
				"show": true,
				"formatter": "54.82.196.0/24"
			},
			"graph_name": "54.82.196.0/24",
			"id": "54.82.196.0/24",
			"symbolSize": 10,
			"category": "IP_CIDR"
		},
		"34_202_61_0_24": {
			"name": "34.202.61.0/24",
			"label": {
				"show": true,
				"formatter": "34.202.61.0/24"
			},
			"graph_name": "34.202.61.0/24",
			"id": "34.202.61.0/24",
			"symbolSize": 10,
			"category": "IP_CIDR"
		},
		"3_208_248_0_24": {
			"name": "3.208.248.0/24",
			"label": {
				"show": true,
				"formatter": "3.208.248.0/24"
			},
			"graph_name": "3.208.248.0/24",
			"id": "3.208.248.0/24",
			"symbolSize": 10,
			"category": "IP_CIDR"
		},
		"52_0_130_0_24": {
			"name": "52.0.130.0/24",
			"label": {
				"show": true,
				"formatter": "52.0.130.0/24"
			},
			"graph_name": "52.0.130.0/24",
			"id": "52.0.130.0/24",
			"symbolSize": 10,
			"category": "IP_CIDR"
		},
		"bitesize1_unstacksite_com": {
			"name": "bitesize1.unstacksite.com",
			"label": {
				"show": true,
				"formatter": "bitesize1.unstacksite.com"
			},
			"graph_name": "bitesize1.unstacksite.com",
			"title": "",
			"basic_tag": "",
			"basic_firstScan": "2020-09-02 02:00:31",
			"basic_lastScan": "2020-09-02 10:00:53",
			"is_alive": true,
			"icp_websiteName": "",
			"icp_number": "",
			"topdomain_rank": 0,
			"topdomain_score": 0,
			"topdomain_reqCount": 0,
			"is_dga": false,
			"dga_family": "",
			"is_geo_chinese": false,
			"urldb_count": 2,
			"is_geo_chinese_mainland": false,
			"basic_src": "cname_domain",
			"id": "bitesize1.unstacksite.com",
			"symbolSize": 10,
			"category": "Domain"
		},
		"web-1-459703590_us-east-1_elb_amazonaws_com": {
			"name": "web-1-459703590.us-east-1.elb.amazonaws.com",
			"label": {
				"show": true,
				"formatter": "web-1-459703590.us-east-1.elb.amazonaws.com"
			},
			"graph_name": "web-1-459703590.us-east-1.elb.amazonaws.com",
			"title": "",
			"basic_tag": "",
			"basic_firstScan": "2020-07-25 09:16:15",
			"basic_lastScan": "2020-10-11 12:56:15",
			"is_alive": true,
			"icp_websiteName": "",
			"icp_number": "",
			"topdomain_rank": 0,
			"topdomain_score": 0,
			"topdomain_reqCount": 0,
			"is_dga": false,
			"dga_family": "",
			"is_geo_chinese": false,
			"urldb_count": 2,
			"is_geo_chinese_mainland": false,
			"basic_src": "cname_domain",
			"id": "web-1-459703590.us-east-1.elb.amazonaws.com",
			"symbolSize": 10,
			"category": "Domain"
		},
		"www_getbitesize_com": {
			"name": "www.getbitesize.com",
			"label": {
				"show": true,
				"formatter": "www.getbitesize.com"
			},
			"graph_name": "www.getbitesize.com",
			"title": "Close more deals with SMS Sales Engagement | Bitesize Sales",
			"basic_src": "dailyNewDomain",
			"basic_tag": "",
			"basic_firstScan": "2020-09-02 09:59:31",
			"basic_lastScan": "2020-09-02 10:00:48",
			"is_alive": true,
			"icp_websiteName": "",
			"icp_number": "",
			"topdomain_rank": 0,
			"topdomain_score": 0,
			"topdomain_reqCount": 0,
			"is_dga": false,
			"dga_family": "",
			"urldb_count": 2,
			"is_geo_chinese": false,
			"is_geo_chinese_mainland": false,
			"id": "www.getbitesize.com",
			"symbolSize": 10,
			"category": "Domain"
		},
		"3_211_166_0_24": {
			"name": "3.211.166.0/24",
			"label": {
				"show": true,
				"formatter": "3.211.166.0/24"
			},
			"graph_name": "3.211.166.0/24",
			"id": "3.211.166.0/24",
			"symbolSize": 10,
			"category": "IP_CIDR"
		},
		"54_84_164_0_24": {
			"name": "54.84.164.0/24",
			"label": {
				"show": true,
				"formatter": "54.84.164.0/24"
			},
			"graph_name": "54.84.164.0/24",
			"id": "54.84.164.0/24",
			"symbolSize": 10,
			"category": "IP_CIDR"
		},
		"www_kristencraft_com": {
			"name": "www.kristencraft.com",
			"label": {
				"show": true,
				"formatter": "www.kristencraft.com"
			},
			"graph_name": "www.kristencraft.com",
			"title": "Home page | KristenCraft",
			"basic_src": "dailyNewDomain",
			"basic_tag": "",
			"basic_firstScan": "2020-07-25 02:56:18",
			"basic_lastScan": "2020-07-25 22:27:31",
			"is_alive": true,
			"icp_websiteName": "",
			"icp_number": "",
			"topdomain_rank": 0,
			"topdomain_score": 0,
			"topdomain_reqCount": 0,
			"is_dga": false,
			"dga_family": "",
			"urldb_count": 2,
			"is_geo_chinese": false,
			"is_geo_chinese_mainland": false,
			"id": "www.kristencraft.com",
			"symbolSize": 10,
			"category": "Domain"
		},
		"kristencraft_mymoxie_app": {
			"name": "kristencraft.mymoxie.app",
			"label": {
				"show": true,
				"formatter": "kristencraft.mymoxie.app"
			},
			"graph_name": "kristencraft.mymoxie.app",
			"title": "",
			"basic_tag": "",
			"basic_firstScan": "2020-07-25 00:44:25",
			"basic_lastScan": "2020-07-26 00:42:49",
			"is_alive": true,
			"icp_websiteName": "",
			"icp_number": "",
			"topdomain_rank": 0,
			"topdomain_score": 0,
			"topdomain_reqCount": 0,
			"is_dga": false,
			"dga_family": "",
			"is_geo_chinese": false,
			"urldb_count": 2,
			"is_geo_chinese_mainland": false,
			"basic_src": "cname_domain",
			"id": "kristencraft.mymoxie.app",
			"symbolSize": 10,
			"category": "Domain"
		},
		"arrivva_unstacksite_com": {
			"name": "arrivva.unstacksite.com",
			"label": {
				"show": true,
				"formatter": "arrivva.unstacksite.com"
			},
			"graph_name": "arrivva.unstacksite.com",
			"title": "",
			"basic_tag": "",
			"basic_firstScan": "2020-07-26 20:57:35",
			"basic_lastScan": "2020-08-07 10:48:52",
			"is_alive": true,
			"icp_websiteName": "",
			"icp_number": "",
			"topdomain_rank": 0,
			"topdomain_score": 0,
			"topdomain_reqCount": 0,
			"is_dga": false,
			"dga_family": "",
			"is_geo_chinese": false,
			"urldb_count": 2,
			"is_geo_chinese_mainland": false,
			"basic_src": "cname_domain",
			"id": "arrivva.unstacksite.com",
			"symbolSize": 10,
			"category": "Domain"
		},
		"www_arrivva_com": {
			"name": "www.arrivva.com",
			"label": {
				"show": true,
				"formatter": "www.arrivva.com"
			},
			"graph_name": "www.arrivva.com",
			"title": "Starter Blog | arrivva, inc;Buying a home real estate buyers | arrivva, inc;Flat free rebates for home buyers. Re-think real estate. | arrivva, inc",
			"basic_tag": "",
			"basic_firstScan": "2020-07-26 20:57:32",
			"basic_lastScan": "2020-08-07 10:48:52",
			"is_alive": true,
			"icp_websiteName": "",
			"icp_number": "",
			"topdomain_rank": 0,
			"topdomain_score": 0,
			"topdomain_reqCount": 0,
			"is_dga": false,
			"dga_family": "",
			"urldb_count": 5,
			"is_geo_chinese": false,
			"is_geo_chinese_mainland": false,
			"basic_src": "request_jump",
			"id": "www.arrivva.com",
			"symbolSize": 10,
			"category": "Domain"
		},
		"34_226_50_0_24": {
			"name": "34.226.50.0/24",
			"label": {
				"show": true,
				"formatter": "34.226.50.0/24"
			},
			"graph_name": "34.226.50.0/24",
			"id": "34.226.50.0/24",
			"symbolSize": 10,
			"category": "IP_CIDR"
		},
		"3_208_154_0_24": {
			"name": "3.208.154.0/24",
			"label": {
				"show": true,
				"formatter": "3.208.154.0/24"
			},
			"graph_name": "3.208.154.0/24",
			"id": "3.208.154.0/24",
			"symbolSize": 10,
			"category": "IP_CIDR"
		},
		"apimade_unstacksite_com": {
			"name": "apimade.unstacksite.com",
			"label": {
				"show": true,
				"formatter": "apimade.unstacksite.com"
			},
			"graph_name": "apimade.unstacksite.com",
			"title": "",
			"basic_tag": "",
			"basic_firstScan": "2020-08-11 11:06:40",
			"basic_lastScan": "2020-08-11 19:07:05",
			"is_alive": true,
			"icp_websiteName": "",
			"icp_number": "",
			"topdomain_rank": 0,
			"topdomain_score": 0,
			"topdomain_reqCount": 0,
			"is_dga": false,
			"dga_family": "",
			"is_geo_chinese": false,
			"urldb_count": 2,
			"is_geo_chinese_mainland": false,
			"basic_src": "cname_domain",
			"id": "apimade.unstacksite.com",
			"symbolSize": 10,
			"category": "Domain"
		},
		"www_apimade_com": {
			"name": "www.apimade.com",
			"label": {
				"show": true,
				"formatter": "www.apimade.com"
			},
			"graph_name": "www.apimade.com",
			"title": "Hire a team that gets things done. | API Made",
			"basic_src": "dailyNewDomain",
			"basic_tag": "",
			"basic_firstScan": "2020-08-11 19:05:38",
			"basic_lastScan": "2020-08-11 19:06:46",
			"is_alive": true,
			"icp_websiteName": "",
			"icp_number": "",
			"topdomain_rank": 0,
			"topdomain_score": 0,
			"topdomain_reqCount": 0,
			"is_dga": false,
			"dga_family": "",
			"urldb_count": 2,
			"is_geo_chinese": false,
			"is_geo_chinese_mainland": false,
			"id": "www.apimade.com",
			"symbolSize": 10,
			"category": "Domain"
		},
		"www_truongtuequang_com": {
			"name": "www.truongtuequang.com",
			"label": {
				"show": true,
				"formatter": "www.truongtuequang.com"
			},
			"graph_name": "www.truongtuequang.com",
			"title": "Go Digital | Digital Marketing Agency | Go Digital",
			"basic_src": "dailyNewDomain",
			"basic_tag": "",
			"basic_firstScan": "2020-08-14 19:45:48",
			"basic_lastScan": "2020-08-15 02:44:22",
			"is_alive": true,
			"icp_websiteName": "",
			"icp_number": "",
			"topdomain_rank": 0,
			"topdomain_score": 0,
			"topdomain_reqCount": 0,
			"is_dga": false,
			"dga_family": "",
			"urldb_count": 2,
			"is_geo_chinese": false,
			"is_geo_chinese_mainland": false,
			"id": "www.truongtuequang.com",
			"symbolSize": 10,
			"category": "Domain"
		},
		"truongtuequangcom_unstacksite_com": {
			"name": "truongtuequangcom.unstacksite.com",
			"label": {
				"show": true,
				"formatter": "truongtuequangcom.unstacksite.com"
			},
			"graph_name": "truongtuequangcom.unstacksite.com",
			"title": "",
			"basic_tag": "",
			"basic_firstScan": "2020-08-14 18:44:16",
			"basic_lastScan": "2020-08-15 05:04:42",
			"is_alive": true,
			"icp_websiteName": "",
			"icp_number": "",
			"topdomain_rank": 0,
			"topdomain_score": 0,
			"topdomain_reqCount": 0,
			"is_dga": false,
			"dga_family": "",
			"is_geo_chinese": false,
			"urldb_count": 2,
			"is_geo_chinese_mainland": false,
			"basic_src": "cname_domain",
			"id": "truongtuequangcom.unstacksite.com",
			"symbolSize": 10,
			"category": "Domain"
		},
		"34_235_32_0_24": {
			"name": "34.235.32.0/24",
			"label": {
				"show": true,
				"formatter": "34.235.32.0/24"
			},
			"graph_name": "34.235.32.0/24",
			"id": "34.235.32.0/24",
			"symbolSize": 10,
			"category": "IP_CIDR"
		},
		"chathamhvac_unstacksite_com": {
			"name": "chathamhvac.unstacksite.com",
			"label": {
				"show": true,
				"formatter": "chathamhvac.unstacksite.com"
			},
			"graph_name": "chathamhvac.unstacksite.com",
			"title": "",
			"basic_tag": "",
			"basic_firstScan": "2020-08-22 21:51:38",
			"basic_lastScan": "2020-08-23 15:02:20",
			"is_alive": true,
			"icp_websiteName": "",
			"icp_number": "",
			"topdomain_rank": 0,
			"topdomain_score": 0,
			"topdomain_reqCount": 0,
			"is_dga": false,
			"dga_family": "",
			"is_geo_chinese": false,
			"urldb_count": 2,
			"is_geo_chinese_mainland": false,
			"basic_src": "cname_domain",
			"id": "chathamhvac.unstacksite.com",
			"symbolSize": 10,
			"category": "Domain"
		},
		"drewmauldin_unstacksite_com": {
			"name": "drewmauldin.unstacksite.com",
			"label": {
				"show": true,
				"formatter": "drewmauldin.unstacksite.com"
			},
			"graph_name": "drewmauldin.unstacksite.com",
			"title": "AU Modern Slavery Legislation Compliance Webinar | Bloom Consulting & SAP",
			"basic_tag": "",
			"basic_firstScan": "2020-08-29 07:29:56",
			"basic_lastScan": "2020-08-29 23:27:24",
			"is_alive": true,
			"icp_websiteName": "",
			"icp_number": "",
			"topdomain_rank": 0,
			"topdomain_score": 0,
			"topdomain_reqCount": 0,
			"is_dga": false,
			"dga_family": "",
			"urldb_count": 1,
			"is_geo_chinese": false,
			"is_geo_chinese_mainland": false,
			"basic_src": "request_jump",
			"id": "drewmauldin.unstacksite.com",
			"symbolSize": 10,
			"category": "Domain"
		},
		"garexia_unstacksite_com": {
			"name": "garexia.unstacksite.com",
			"label": {
				"show": true,
				"formatter": "garexia.unstacksite.com"
			},
			"graph_name": "garexia.unstacksite.com",
			"title": "",
			"basic_tag": "",
			"basic_firstScan": "2020-09-01 08:42:07",
			"basic_lastScan": "2020-09-01 16:42:19",
			"is_alive": true,
			"icp_websiteName": "",
			"icp_number": "",
			"topdomain_rank": 0,
			"topdomain_score": 0,
			"topdomain_reqCount": 0,
			"is_dga": false,
			"dga_family": "",
			"is_geo_chinese": false,
			"urldb_count": 2,
			"is_geo_chinese_mainland": false,
			"basic_src": "cname_domain",
			"id": "garexia.unstacksite.com",
			"symbolSize": 10,
			"category": "Domain"
		},
		"www_nocodepizza_com": {
			"name": "www.nocodepizza.com",
			"label": {
				"show": true,
				"formatter": "www.nocodepizza.com"
			},
			"graph_name": "www.nocodepizza.com",
			"title": "",
			"basic_src": "dailyNewDomain",
			"basic_tag": "",
			"basic_firstScan": "2020-09-01 19:24:50",
			"basic_lastScan": "2020-09-01 20:18:25",
			"is_alive": true,
			"icp_websiteName": "",
			"icp_number": "",
			"topdomain_rank": 0,
			"topdomain_score": 0,
			"topdomain_reqCount": 0,
			"is_dga": false,
			"dga_family": "",
			"urldb_count": 2,
			"is_geo_chinese": false,
			"is_geo_chinese_mainland": false,
			"id": "www.nocodepizza.com",
			"symbolSize": 10,
			"category": "Domain"
		},
		"nocodepizza_unstacksite_com": {
			"name": "nocodepizza.unstacksite.com",
			"label": {
				"show": true,
				"formatter": "nocodepizza.unstacksite.com"
			},
			"graph_name": "nocodepizza.unstacksite.com",
			"title": "Page not found",
			"basic_tag": "",
			"basic_firstScan": "2020-09-01 11:25:29",
			"basic_lastScan": "2020-09-01 20:18:41",
			"is_alive": true,
			"icp_websiteName": "",
			"icp_number": "",
			"topdomain_rank": 0,
			"topdomain_score": 0,
			"topdomain_reqCount": 0,
			"is_dga": false,
			"dga_family": "",
			"is_geo_chinese": false,
			"urldb_count": 2,
			"is_geo_chinese_mainland": false,
			"basic_src": "cname_domain",
			"id": "nocodepizza.unstacksite.com",
			"symbolSize": 10,
			"category": "Domain"
		},
		"dmme_unstacksite_com": {
			"name": "dmme.unstacksite.com",
			"label": {
				"show": true,
				"formatter": "dmme.unstacksite.com"
			},
			"graph_name": "dmme.unstacksite.com",
			"title": "",
			"basic_tag": "",
			"basic_firstScan": "2020-09-01 17:58:15",
			"basic_lastScan": "2020-09-02 01:58:34",
			"is_alive": true,
			"icp_websiteName": "",
			"icp_number": "",
			"topdomain_rank": 0,
			"topdomain_score": 0,
			"topdomain_reqCount": 0,
			"is_dga": false,
			"dga_family": "",
			"is_geo_chinese": false,
			"urldb_count": 2,
			"is_geo_chinese_mainland": false,
			"basic_src": "cname_domain",
			"id": "dmme.unstacksite.com",
			"symbolSize": 10,
			"category": "Domain"
		},
		"rockymartin_tech": {
			"name": "rockymartin.tech",
			"label": {
				"show": true,
				"formatter": "rockymartin.tech"
			},
			"graph_name": "rockymartin.tech",
			"title": "",
			"basic_src": "dailyNewDomain",
			"basic_tag": "",
			"basic_firstScan": "2020-09-02 03:11:22",
			"basic_lastScan": "2020-09-02 03:12:05",
			"is_alive": true,
			"icp_websiteName": "",
			"icp_number": "",
			"topdomain_rank": 0,
			"topdomain_score": 0,
			"topdomain_reqCount": 0,
			"is_dga": false,
			"dga_family": "",
			"urldb_count": 1,
			"is_geo_chinese": false,
			"is_geo_chinese_mainland": false,
			"id": "rockymartin.tech",
			"symbolSize": 10,
			"category": "Domain"
		},
		"www_rockymartin_tech": {
			"name": "www.rockymartin.tech",
			"label": {
				"show": true,
				"formatter": "www.rockymartin.tech"
			},
			"graph_name": "www.rockymartin.tech",
			"title": "Rocky Martin by Rocky Martin | Rocky Martin",
			"basic_src": "dailyNewDomain",
			"basic_tag": "",
			"basic_firstScan": "2020-09-02 03:11:22",
			"basic_lastScan": "2020-09-02 03:12:08",
			"is_alive": true,
			"icp_websiteName": "",
			"icp_number": "",
			"topdomain_rank": 0,
			"topdomain_score": 0,
			"topdomain_reqCount": 0,
			"is_dga": false,
			"dga_family": "",
			"urldb_count": 2,
			"is_geo_chinese": false,
			"is_geo_chinese_mainland": false,
			"id": "www.rockymartin.tech",
			"symbolSize": 10,
			"category": "Domain"
		},
		"onlyforecastscom_unstacksite_com": {
			"name": "onlyforecastscom.unstacksite.com",
			"label": {
				"show": true,
				"formatter": "onlyforecastscom.unstacksite.com"
			},
			"graph_name": "onlyforecastscom.unstacksite.com",
			"title": "",
			"basic_tag": "",
			"basic_firstScan": "2020-08-17 11:59:27",
			"basic_lastScan": "2020-08-17 23:07:30",
			"is_alive": true,
			"icp_websiteName": "",
			"icp_number": "",
			"topdomain_rank": 0,
			"topdomain_score": 0,
			"topdomain_reqCount": 0,
			"is_dga": false,
			"dga_family": "",
			"is_geo_chinese": false,
			"urldb_count": 2,
			"is_geo_chinese_mainland": false,
			"basic_src": "cname_domain",
			"id": "onlyforecastscom.unstacksite.com",
			"symbolSize": 10,
			"category": "Domain"
		},
		"www_onlyforecasts_com": {
			"name": "www.onlyforecasts.com",
			"label": {
				"show": true,
				"formatter": "www.onlyforecasts.com"
			},
			"graph_name": "www.onlyforecasts.com",
			"title": "Forecast like a pro with no code. | OnlyForecasts.com",
			"basic_src": "dailyNewDomain",
			"basic_tag": "",
			"basic_firstScan": "2020-08-17 17:45:09",
			"basic_lastScan": "2020-08-17 19:59:33",
			"is_alive": true,
			"icp_websiteName": "",
			"icp_number": "",
			"topdomain_rank": 0,
			"topdomain_score": 0,
			"topdomain_reqCount": 0,
			"is_dga": false,
			"dga_family": "",
			"urldb_count": 2,
			"is_geo_chinese": false,
			"is_geo_chinese_mainland": false,
			"id": "www.onlyforecasts.com",
			"symbolSize": 10,
			"category": "Domain"
		},
		"www_keishawn_design": {
			"name": "www.keishawn.design",
			"label": {
				"show": true,
				"formatter": "www.keishawn.design"
			},
			"graph_name": "www.keishawn.design",
			"title": "Page not found",
			"basic_src": "dailyNewDomain",
			"basic_tag": "",
			"basic_firstScan": "2020-08-22 22:57:16",
			"basic_lastScan": "2020-08-31 01:14:03",
			"is_alive": true,
			"icp_websiteName": "",
			"icp_number": "",
			"topdomain_rank": 0,
			"topdomain_score": 0,
			"topdomain_reqCount": 0,
			"is_dga": false,
			"dga_family": "",
			"urldb_count": 2,
			"is_geo_chinese": false,
			"is_geo_chinese_mainland": false,
			"id": "www.keishawn.design",
			"symbolSize": 10,
			"category": "Domain"
		},
		"www_chathamhvac_com": {
			"name": "www.chathamhvac.com",
			"label": {
				"show": true,
				"formatter": "www.chathamhvac.com"
			},
			"graph_name": "www.chathamhvac.com",
			"title": "My personal site on Unstack. | Chatham HVAC",
			"basic_src": "dailyNewDomain",
			"basic_tag": "",
			"basic_firstScan": "2020-08-23 05:51:04",
			"basic_lastScan": "2020-08-23 15:02:04",
			"is_alive": true,
			"icp_websiteName": "",
			"icp_number": "",
			"topdomain_rank": 0,
			"topdomain_score": 0,
			"topdomain_reqCount": 0,
			"is_dga": false,
			"dga_family": "",
			"urldb_count": 2,
			"is_geo_chinese": false,
			"is_geo_chinese_mainland": false,
			"id": "www.chathamhvac.com",
			"symbolSize": 10,
			"category": "Domain"
		},
		"threefortystudios_unstacksite_com": {
			"name": "threefortystudios.unstacksite.com",
			"label": {
				"show": true,
				"formatter": "threefortystudios.unstacksite.com"
			},
			"graph_name": "threefortystudios.unstacksite.com",
			"title": "",
			"basic_tag": "",
			"basic_firstScan": "2020-08-30 17:13:50",
			"basic_lastScan": "2020-08-31 01:14:02",
			"is_alive": true,
			"icp_websiteName": "",
			"icp_number": "",
			"topdomain_rank": 0,
			"topdomain_score": 0,
			"topdomain_reqCount": 0,
			"is_dga": false,
			"dga_family": "",
			"is_geo_chinese": false,
			"urldb_count": 2,
			"is_geo_chinese_mainland": false,
			"basic_src": "cname_domain",
			"id": "threefortystudios.unstacksite.com",
			"symbolSize": 10,
			"category": "Domain"
		},
		"52_1_162_0_24": {
			"name": "52.1.162.0/24",
			"label": {
				"show": true,
				"formatter": "52.1.162.0/24"
			},
			"graph_name": "52.1.162.0/24",
			"id": "52.1.162.0/24",
			"symbolSize": 10,
			"category": "IP_CIDR"
		},
		"www_garexia_com": {
			"name": "www.garexia.com",
			"label": {
				"show": true,
				"formatter": "www.garexia.com"
			},
			"graph_name": "www.garexia.com",
			"title": "Effortless collaboration with teammates | Garexia",
			"basic_src": "dailyNewDomain",
			"basic_tag": "",
			"basic_firstScan": "2020-09-01 16:41:47",
			"basic_lastScan": "2020-09-01 16:42:17",
			"is_alive": true,
			"icp_websiteName": "",
			"icp_number": "",
			"topdomain_rank": 0,
			"topdomain_score": 0,
			"topdomain_reqCount": 0,
			"is_dga": false,
			"dga_family": "",
			"urldb_count": 2,
			"is_geo_chinese": false,
			"is_geo_chinese_mainland": false,
			"id": "www.garexia.com",
			"symbolSize": 10,
			"category": "Domain"
		},
		"www_dmme_agency": {
			"name": "www.dmme.agency",
			"label": {
				"show": true,
				"formatter": "www.dmme.agency"
			},
			"graph_name": "www.dmme.agency",
			"title": "Page not found",
			"basic_src": "dailyNewDomain",
			"basic_tag": "",
			"basic_firstScan": "2020-09-02 01:57:57",
			"basic_lastScan": "2020-09-02 01:58:25",
			"is_alive": true,
			"icp_websiteName": "",
			"icp_number": "",
			"topdomain_rank": 0,
			"topdomain_score": 0,
			"topdomain_reqCount": 0,
			"is_dga": false,
			"dga_family": "",
			"urldb_count": 2,
			"is_geo_chinese": false,
			"is_geo_chinese_mainland": false,
			"id": "www.dmme.agency",
			"symbolSize": 10,
			"category": "Domain"
		},
		"rockym_unstacksite_com": {
			"name": "rockym.unstacksite.com",
			"label": {
				"show": true,
				"formatter": "rockym.unstacksite.com"
			},
			"graph_name": "rockym.unstacksite.com",
			"title": "",
			"basic_tag": "",
			"basic_firstScan": "2020-09-01 19:11:47",
			"basic_lastScan": "2020-09-02 03:12:07",
			"is_alive": true,
			"icp_websiteName": "",
			"icp_number": "",
			"topdomain_rank": 0,
			"topdomain_score": 0,
			"topdomain_reqCount": 0,
			"is_dga": false,
			"dga_family": "",
			"is_geo_chinese": false,
			"urldb_count": 2,
			"is_geo_chinese_mainland": false,
			"basic_src": "cname_domain",
			"id": "rockym.unstacksite.com",
			"symbolSize": 10,
			"category": "Domain"
		}
	},
	"links": {
		"unstack.com_www.unstack.com": {
			"id": "unstack.com_www.unstack.com",
			"relation": "r_subdomain/r_request_jump",
			"source": "unstack.com",
			"target": "www.unstack.com",
			"label": {
				"formatter": "r_subdomain/r_request_jump",
				"show": true
			},
			"lineStyle": {
				"color": "#8A8A8A",
				"width": 3
			}
		},
		"www.unstack.com_54.84.164.31": {
			"id": "www.unstack.com_54.84.164.31",
			"relation": "r_dns_a",
			"source": "www.unstack.com",
			"target": "54.84.164.31",
			"label": {
				"formatter": "r_dns_a",
				"show": true
			},
			"lineStyle": {
				"color": "#FF0000",
				"width": 3
			}
		},
		"www.unstack.com_52.5.35.83": {
			"id": "www.unstack.com_52.5.35.83",
			"relation": "r_dns_a",
			"source": "www.unstack.com",
			"target": "52.5.35.83",
			"label": {
				"formatter": "r_dns_a",
				"show": true
			},
			"lineStyle": {
				"color": "#FF0000",
				"width": 3
			}
		},
		"www.unstack.com_35.170.221.39": {
			"id": "www.unstack.com_35.170.221.39",
			"relation": "r_dns_a",
			"source": "www.unstack.com",
			"target": "35.170.221.39",
			"label": {
				"formatter": "r_dns_a",
				"show": true
			},
			"lineStyle": {
				"color": "#FF0000",
				"width": 3
			}
		},
		"www.unstack.com_3.230.244.65": {
			"id": "www.unstack.com_3.230.244.65",
			"relation": "r_dns_a",
			"source": "www.unstack.com",
			"target": "3.230.244.65",
			"label": {
				"formatter": "r_dns_a",
				"show": true
			},
			"lineStyle": {
				"color": "#FF0000",
				"width": 3
			}
		},
		"www.unstack.com_54.82.196.193": {
			"id": "www.unstack.com_54.82.196.193",
			"relation": "r_dns_a",
			"source": "www.unstack.com",
			"target": "54.82.196.193",
			"label": {
				"formatter": "r_dns_a",
				"show": true
			},
			"lineStyle": {
				"color": "#FF0000",
				"width": 3
			}
		},
		"www.unstack.com_34.226.50.122": {
			"id": "www.unstack.com_34.226.50.122",
			"relation": "r_dns_a",
			"source": "www.unstack.com",
			"target": "34.226.50.122",
			"label": {
				"formatter": "r_dns_a",
				"show": true
			},
			"lineStyle": {
				"color": "#FF0000",
				"width": 3
			}
		},
		"www.unstack.com_34.202.61.2": {
			"id": "www.unstack.com_34.202.61.2",
			"relation": "r_dns_a",
			"source": "www.unstack.com",
			"target": "34.202.61.2",
			"label": {
				"formatter": "r_dns_a",
				"show": true
			},
			"lineStyle": {
				"color": "#FF0000",
				"width": 3
			}
		},
		"www.unstack.com_3.208.248.113": {
			"id": "www.unstack.com_3.208.248.113",
			"relation": "r_dns_a",
			"source": "www.unstack.com",
			"target": "3.208.248.113",
			"label": {
				"formatter": "r_dns_a",
				"show": true
			},
			"lineStyle": {
				"color": "#FF0000",
				"width": 3
			}
		},
		"www.unstack.com_52.0.130.107": {
			"id": "www.unstack.com_52.0.130.107",
			"relation": "r_dns_a",
			"source": "www.unstack.com",
			"target": "52.0.130.107",
			"label": {
				"formatter": "r_dns_a",
				"show": true
			},
			"lineStyle": {
				"color": "#FF0000",
				"width": 3
			}
		},
		"www.unstack.com_3.211.166.139": {
			"id": "www.unstack.com_3.211.166.139",
			"relation": "r_dns_a",
			"source": "www.unstack.com",
			"target": "3.211.166.139",
			"label": {
				"formatter": "r_dns_a",
				"show": true
			},
			"lineStyle": {
				"color": "#FF0000",
				"width": 3
			}
		},
		"www.unstacksite.com_www.unstack.com": {
			"id": "www.unstacksite.com_www.unstack.com",
			"relation": "r_request_jump",
			"source": "www.unstacksite.com",
			"target": "www.unstack.com",
			"label": {
				"formatter": "r_request_jump",
				"show": true
			},
			"lineStyle": {
				"color": "#FF7F00",
				"width": 3
			}
		},
		"www.unstack.com_ae8fec157d40f0a9c5b43995daa84316761b7c13afb8a3c3b76b5efe0007ef24": {
			"id": "www.unstack.com_ae8fec157d40f0a9c5b43995daa84316761b7c13afb8a3c3b76b5efe0007ef24",
			"relation": "r_cert",
			"source": "www.unstack.com",
			"target": "ae8fec157d40f0a9c5b43995daa84316761b7c13afb8a3c3b76b5efe0007ef24",
			"label": {
				"formatter": "r_cert",
				"show": true
			},
			"lineStyle": {
				"color": "#79CDCD",
				"width": 3
			}
		},
		"unstack.com_54_88_224_119": {
			"id": "unstack.com_54_88_224_119",
			"relation": "r_dns_a",
			"source": "unstack.com",
			"target": "54.88.224.119",
			"label": {
				"formatter": "r_dns_a",
				"show": true
			},
			"lineStyle": {
				"color": "#FF0000",
				"width": 3
			}
		},
		"unstack.com_52_0_130_107": {
			"id": "unstack.com_52_0_130_107",
			"relation": "r_dns_a",
			"source": "unstack.com",
			"target": "52.0.130.107",
			"label": {
				"formatter": "r_dns_a",
				"show": true
			},
			"lineStyle": {
				"color": "#FF0000",
				"width": 3
			}
		},
		"www.unstacksite.com_34_235_32_245": {
			"id": "www.unstacksite.com_34_235_32_245",
			"relation": "r_dns_a",
			"source": "www.unstacksite.com",
			"target": "34.235.32.245",
			"label": {
				"formatter": "r_dns_a",
				"show": true
			},
			"lineStyle": {
				"color": "#FF0000",
				"width": 3
			}
		},
		"www.unstacksite.com_52_1_162_153": {
			"id": "www.unstacksite.com_52_1_162_153",
			"relation": "r_dns_a",
			"source": "www.unstacksite.com",
			"target": "52.1.162.153",
			"label": {
				"formatter": "r_dns_a",
				"show": true
			},
			"lineStyle": {
				"color": "#FF0000",
				"width": 3
			}
		},
		"unstack.com_54.84.164.31": {
			"id": "unstack.com_54.84.164.31",
			"relation": "r_dns_a",
			"source": "unstack.com",
			"target": "54.84.164.31",
			"label": {
				"formatter": "r_dns_a",
				"show": true
			},
			"lineStyle": {
				"color": "#FF0000",
				"width": 3
			}
		},
		"unstack.com_52.5.35.83": {
			"id": "unstack.com_52.5.35.83",
			"relation": "r_dns_a",
			"source": "unstack.com",
			"target": "52.5.35.83",
			"label": {
				"formatter": "r_dns_a",
				"show": true
			},
			"lineStyle": {
				"color": "#FF0000",
				"width": 3
			}
		},
		"unstack.com_35.170.221.39": {
			"id": "unstack.com_35.170.221.39",
			"relation": "r_dns_a",
			"source": "unstack.com",
			"target": "35.170.221.39",
			"label": {
				"formatter": "r_dns_a",
				"show": true
			},
			"lineStyle": {
				"color": "#FF0000",
				"width": 3
			}
		},
		"unstack.com_3.230.244.65": {
			"id": "unstack.com_3.230.244.65",
			"relation": "r_dns_a",
			"source": "unstack.com",
			"target": "3.230.244.65",
			"label": {
				"formatter": "r_dns_a",
				"show": true
			},
			"lineStyle": {
				"color": "#FF0000",
				"width": 3
			}
		},
		"unstack.com_54.82.196.193": {
			"id": "unstack.com_54.82.196.193",
			"relation": "r_dns_a",
			"source": "unstack.com",
			"target": "54.82.196.193",
			"label": {
				"formatter": "r_dns_a",
				"show": true
			},
			"lineStyle": {
				"color": "#FF0000",
				"width": 3
			}
		},
		"unstack.com_34.226.50.122": {
			"id": "unstack.com_34.226.50.122",
			"relation": "r_dns_a",
			"source": "unstack.com",
			"target": "34.226.50.122",
			"label": {
				"formatter": "r_dns_a",
				"show": true
			},
			"lineStyle": {
				"color": "#FF0000",
				"width": 3
			}
		},
		"unstack.com_34.202.61.2": {
			"id": "unstack.com_34.202.61.2",
			"relation": "r_dns_a",
			"source": "unstack.com",
			"target": "34.202.61.2",
			"label": {
				"formatter": "r_dns_a",
				"show": true
			},
			"lineStyle": {
				"color": "#FF0000",
				"width": 3
			}
		},
		"unstack.com_3.208.248.113": {
			"id": "unstack.com_3.208.248.113",
			"relation": "r_dns_a",
			"source": "unstack.com",
			"target": "3.208.248.113",
			"label": {
				"formatter": "r_dns_a",
				"show": true
			},
			"lineStyle": {
				"color": "#FF0000",
				"width": 3
			}
		},
		"unstack.com_52.0.130.107": {
			"id": "unstack.com_52.0.130.107",
			"relation": "r_dns_a",
			"source": "unstack.com",
			"target": "52.0.130.107",
			"label": {
				"formatter": "r_dns_a",
				"show": true
			},
			"lineStyle": {
				"color": "#FF0000",
				"width": 3
			}
		},
		"unstack.com_3.211.166.139": {
			"id": "unstack.com_3.211.166.139",
			"relation": "r_dns_a",
			"source": "unstack.com",
			"target": "3.211.166.139",
			"label": {
				"formatter": "r_dns_a",
				"show": true
			},
			"lineStyle": {
				"color": "#FF0000",
				"width": 3
			}
		},
		"unstack.com_ae8fec157d40f0a9c5b43995daa84316761b7c13afb8a3c3b76b5efe0007ef24": {
			"id": "unstack.com_ae8fec157d40f0a9c5b43995daa84316761b7c13afb8a3c3b76b5efe0007ef24",
			"relation": "r_cert",
			"source": "unstack.com",
			"target": "ae8fec157d40f0a9c5b43995daa84316761b7c13afb8a3c3b76b5efe0007ef24",
			"label": {
				"formatter": "r_cert",
				"show": true
			},
			"lineStyle": {
				"color": "#79CDCD",
				"width": 3
			}
		},
		"www.unstack.com_54_88_224_119": {
			"id": "www.unstack.com_54_88_224_119",
			"relation": "r_dns_a",
			"source": "www.unstack.com",
			"target": "54.88.224.119",
			"label": {
				"formatter": "r_dns_a",
				"show": true
			},
			"lineStyle": {
				"color": "#FF0000",
				"width": 3
			}
		},
		"www.unstack.com_52_0_130_107": {
			"id": "www.unstack.com_52_0_130_107",
			"relation": "r_dns_a",
			"source": "www.unstack.com",
			"target": "52.0.130.107",
			"label": {
				"formatter": "r_dns_a",
				"show": true
			},
			"lineStyle": {
				"color": "#FF0000",
				"width": 3
			}
		},
		"unstacksite.com_www.unstacksite.com": {
			"id": "unstacksite.com_www.unstacksite.com",
			"relation": "r_subdomain",
			"source": "unstacksite.com",
			"target": "www.unstacksite.com",
			"label": {
				"formatter": "r_subdomain",
				"show": true
			},
			"lineStyle": {
				"color": "#00EE00",
				"width": 3
			}
		},
		"www.unstacksite.com_34.235.32.245": {
			"id": "www.unstacksite.com_34.235.32.245",
			"relation": "r_dns_a",
			"source": "www.unstacksite.com",
			"target": "34.235.32.245",
			"label": {
				"formatter": "r_dns_a",
				"show": true
			},
			"lineStyle": {
				"color": "#FF0000",
				"width": 3
			}
		},
		"www.unstacksite.com_3.208.154.216": {
			"id": "www.unstacksite.com_3.208.154.216",
			"relation": "r_dns_a",
			"source": "www.unstacksite.com",
			"target": "3.208.154.216",
			"label": {
				"formatter": "r_dns_a",
				"show": true
			},
			"lineStyle": {
				"color": "#FF0000",
				"width": 3
			}
		},
		"www.unstacksite.com_52.1.162.153": {
			"id": "www.unstacksite.com_52.1.162.153",
			"relation": "r_dns_a",
			"source": "www.unstacksite.com",
			"target": "52.1.162.153",
			"label": {
				"formatter": "r_dns_a",
				"show": true
			},
			"lineStyle": {
				"color": "#FF0000",
				"width": 3
			}
		},
		"www.unstacksite.com_ae8fec157d40f0a9c5b43995daa84316761b7c13afb8a3c3b76b5efe0007ef24": {
			"id": "www.unstacksite.com_ae8fec157d40f0a9c5b43995daa84316761b7c13afb8a3c3b76b5efe0007ef24",
			"relation": "r_cert",
			"source": "www.unstacksite.com",
			"target": "ae8fec157d40f0a9c5b43995daa84316761b7c13afb8a3c3b76b5efe0007ef24",
			"label": {
				"formatter": "r_cert",
				"show": true
			},
			"lineStyle": {
				"color": "#79CDCD",
				"width": 3
			}
		},
		"unstacksite.com_34_235_32_245": {
			"id": "unstacksite.com_34_235_32_245",
			"relation": "r_dns_a",
			"source": "unstacksite.com",
			"target": "34.235.32.245",
			"label": {
				"formatter": "r_dns_a",
				"show": true
			},
			"lineStyle": {
				"color": "#FF0000",
				"width": 3
			}
		},
		"unstacksite.com_52_1_162_153": {
			"id": "unstacksite.com_52_1_162_153",
			"relation": "r_dns_a",
			"source": "unstacksite.com",
			"target": "52.1.162.153",
			"label": {
				"formatter": "r_dns_a",
				"show": true
			},
			"lineStyle": {
				"color": "#FF0000",
				"width": 3
			}
		},
		"3.230.244.65_3.230.244.0/24": {
			"id": "3.230.244.65_3.230.244.0/24",
			"relation": "r_cidr",
			"source": "3.230.244.65",
			"target": "3.230.244.0/24",
			"label": {
				"formatter": "r_cidr",
				"show": true
			},
			"lineStyle": {
				"color": "#9F79EE",
				"width": 3
			}
		},
		"3.230.244.65_AS14618": {
			"id": "3.230.244.65_AS14618",
			"relation": "r_asn",
			"source": "3.230.244.65",
			"target": "AS14618",
			"label": {
				"formatter": "r_asn",
				"show": true
			},
			"lineStyle": {
				"color": "#984B4B",
				"width": 3
			}
		},
		"52.5.35.83_52.5.35.0/24": {
			"id": "52.5.35.83_52.5.35.0/24",
			"relation": "r_cidr",
			"source": "52.5.35.83",
			"target": "52.5.35.0/24",
			"label": {
				"formatter": "r_cidr",
				"show": true
			},
			"lineStyle": {
				"color": "#9F79EE",
				"width": 3
			}
		},
		"52.5.35.83_AS14618": {
			"id": "52.5.35.83_AS14618",
			"relation": "r_asn",
			"source": "52.5.35.83",
			"target": "AS14618",
			"label": {
				"formatter": "r_asn",
				"show": true
			},
			"lineStyle": {
				"color": "#984B4B",
				"width": 3
			}
		},
		"35.170.221.39_35.170.221.0/24": {
			"id": "35.170.221.39_35.170.221.0/24",
			"relation": "r_cidr",
			"source": "35.170.221.39",
			"target": "35.170.221.0/24",
			"label": {
				"formatter": "r_cidr",
				"show": true
			},
			"lineStyle": {
				"color": "#9F79EE",
				"width": 3
			}
		},
		"35.170.221.39_AS14618": {
			"id": "35.170.221.39_AS14618",
			"relation": "r_asn",
			"source": "35.170.221.39",
			"target": "AS14618",
			"label": {
				"formatter": "r_asn",
				"show": true
			},
			"lineStyle": {
				"color": "#984B4B",
				"width": 3
			}
		},
		"54.82.196.193_54.82.196.0/24": {
			"id": "54.82.196.193_54.82.196.0/24",
			"relation": "r_cidr",
			"source": "54.82.196.193",
			"target": "54.82.196.0/24",
			"label": {
				"formatter": "r_cidr",
				"show": true
			},
			"lineStyle": {
				"color": "#9F79EE",
				"width": 3
			}
		},
		"54.82.196.193_AS14618": {
			"id": "54.82.196.193_AS14618",
			"relation": "r_asn",
			"source": "54.82.196.193",
			"target": "AS14618",
			"label": {
				"formatter": "r_asn",
				"show": true
			},
			"lineStyle": {
				"color": "#984B4B",
				"width": 3
			}
		},
		"34.202.61.2_34.202.61.0/24": {
			"id": "34.202.61.2_34.202.61.0/24",
			"relation": "r_cidr",
			"source": "34.202.61.2",
			"target": "34.202.61.0/24",
			"label": {
				"formatter": "r_cidr",
				"show": true
			},
			"lineStyle": {
				"color": "#9F79EE",
				"width": 3
			}
		},
		"34.202.61.2_AS14618": {
			"id": "34.202.61.2_AS14618",
			"relation": "r_asn",
			"source": "34.202.61.2",
			"target": "AS14618",
			"label": {
				"formatter": "r_asn",
				"show": true
			},
			"lineStyle": {
				"color": "#984B4B",
				"width": 3
			}
		},
		"3.208.248.113_3.208.248.0/24": {
			"id": "3.208.248.113_3.208.248.0/24",
			"relation": "r_cidr",
			"source": "3.208.248.113",
			"target": "3.208.248.0/24",
			"label": {
				"formatter": "r_cidr",
				"show": true
			},
			"lineStyle": {
				"color": "#9F79EE",
				"width": 3
			}
		},
		"3.208.248.113_AS14618": {
			"id": "3.208.248.113_AS14618",
			"relation": "r_asn",
			"source": "3.208.248.113",
			"target": "AS14618",
			"label": {
				"formatter": "r_asn",
				"show": true
			},
			"lineStyle": {
				"color": "#984B4B",
				"width": 3
			}
		},
		"52.0.130.107_52.0.130.0/24": {
			"id": "52.0.130.107_52.0.130.0/24",
			"relation": "r_cidr",
			"source": "52.0.130.107",
			"target": "52.0.130.0/24",
			"label": {
				"formatter": "r_cidr",
				"show": true
			},
			"lineStyle": {
				"color": "#9F79EE",
				"width": 3
			}
		},
		"bitesize1.unstacksite.com_52.0.130.107": {
			"id": "bitesize1.unstacksite.com_52.0.130.107",
			"relation": "r_dns_a",
			"source": "bitesize1.unstacksite.com",
			"target": "52.0.130.107",
			"label": {
				"formatter": "r_dns_a",
				"show": true
			},
			"lineStyle": {
				"color": "#FF0000",
				"width": 3
			}
		},
		"web-1-459703590.us-east-1.elb.amazonaws.com_52.0.130.107": {
			"id": "web-1-459703590.us-east-1.elb.amazonaws.com_52.0.130.107",
			"relation": "r_dns_a",
			"source": "web-1-459703590.us-east-1.elb.amazonaws.com",
			"target": "52.0.130.107",
			"label": {
				"formatter": "r_dns_a",
				"show": true
			},
			"lineStyle": {
				"color": "#FF0000",
				"width": 3
			}
		},
		"www.getbitesize.com_52.0.130.107": {
			"id": "www.getbitesize.com_52.0.130.107",
			"relation": "r_dns_a",
			"source": "www.getbitesize.com",
			"target": "52.0.130.107",
			"label": {
				"formatter": "r_dns_a",
				"show": true
			},
			"lineStyle": {
				"color": "#FF0000",
				"width": 3
			}
		},
		"52.0.130.107_AS14618": {
			"id": "52.0.130.107_AS14618",
			"relation": "r_asn",
			"source": "52.0.130.107",
			"target": "AS14618",
			"label": {
				"formatter": "r_asn",
				"show": true
			},
			"lineStyle": {
				"color": "#984B4B",
				"width": 3
			}
		},
		"bitesize1.unstacksite.com_3_211_166_139": {
			"id": "bitesize1.unstacksite.com_3_211_166_139",
			"relation": "r_dns_a",
			"source": "bitesize1.unstacksite.com",
			"target": "3.211.166.139",
			"label": {
				"formatter": "r_dns_a",
				"show": true
			},
			"lineStyle": {
				"color": "#FF0000",
				"width": 3
			}
		},
		"3.211.166.139_3.211.166.0/24": {
			"id": "3.211.166.139_3.211.166.0/24",
			"relation": "r_cidr",
			"source": "3.211.166.139",
			"target": "3.211.166.0/24",
			"label": {
				"formatter": "r_cidr",
				"show": true
			},
			"lineStyle": {
				"color": "#9F79EE",
				"width": 3
			}
		},
		"bitesize1.unstacksite.com_3.211.166.139": {
			"id": "bitesize1.unstacksite.com_3.211.166.139",
			"relation": "r_dns_a",
			"source": "bitesize1.unstacksite.com",
			"target": "3.211.166.139",
			"label": {
				"formatter": "r_dns_a",
				"show": true
			},
			"lineStyle": {
				"color": "#FF0000",
				"width": 3
			}
		},
		"web-1-459703590.us-east-1.elb.amazonaws.com_3.211.166.139": {
			"id": "web-1-459703590.us-east-1.elb.amazonaws.com_3.211.166.139",
			"relation": "r_dns_a",
			"source": "web-1-459703590.us-east-1.elb.amazonaws.com",
			"target": "3.211.166.139",
			"label": {
				"formatter": "r_dns_a",
				"show": true
			},
			"lineStyle": {
				"color": "#FF0000",
				"width": 3
			}
		},
		"www.getbitesize.com_3.211.166.139": {
			"id": "www.getbitesize.com_3.211.166.139",
			"relation": "r_dns_a",
			"source": "www.getbitesize.com",
			"target": "3.211.166.139",
			"label": {
				"formatter": "r_dns_a",
				"show": true
			},
			"lineStyle": {
				"color": "#FF0000",
				"width": 3
			}
		},
		"3.211.166.139_AS14618": {
			"id": "3.211.166.139_AS14618",
			"relation": "r_asn",
			"source": "3.211.166.139",
			"target": "AS14618",
			"label": {
				"formatter": "r_asn",
				"show": true
			},
			"lineStyle": {
				"color": "#984B4B",
				"width": 3
			}
		},
		"54.84.164.31_54.84.164.0/24": {
			"id": "54.84.164.31_54.84.164.0/24",
			"relation": "r_cidr",
			"source": "54.84.164.31",
			"target": "54.84.164.0/24",
			"label": {
				"formatter": "r_cidr",
				"show": true
			},
			"lineStyle": {
				"color": "#9F79EE",
				"width": 3
			}
		},
		"www.kristencraft.com_54.84.164.31": {
			"id": "www.kristencraft.com_54.84.164.31",
			"relation": "r_dns_a",
			"source": "www.kristencraft.com",
			"target": "54.84.164.31",
			"label": {
				"formatter": "r_dns_a",
				"show": true
			},
			"lineStyle": {
				"color": "#FF0000",
				"width": 3
			}
		},
		"kristencraft.mymoxie.app_54.84.164.31": {
			"id": "kristencraft.mymoxie.app_54.84.164.31",
			"relation": "r_dns_a",
			"source": "kristencraft.mymoxie.app",
			"target": "54.84.164.31",
			"label": {
				"formatter": "r_dns_a",
				"show": true
			},
			"lineStyle": {
				"color": "#FF0000",
				"width": 3
			}
		},
		"web-1-459703590.us-east-1.elb.amazonaws.com_54.84.164.31": {
			"id": "web-1-459703590.us-east-1.elb.amazonaws.com_54.84.164.31",
			"relation": "r_dns_a",
			"source": "web-1-459703590.us-east-1.elb.amazonaws.com",
			"target": "54.84.164.31",
			"label": {
				"formatter": "r_dns_a",
				"show": true
			},
			"lineStyle": {
				"color": "#FF0000",
				"width": 3
			}
		},
		"arrivva.unstacksite.com_54.84.164.31": {
			"id": "arrivva.unstacksite.com_54.84.164.31",
			"relation": "r_dns_a",
			"source": "arrivva.unstacksite.com",
			"target": "54.84.164.31",
			"label": {
				"formatter": "r_dns_a",
				"show": true
			},
			"lineStyle": {
				"color": "#FF0000",
				"width": 3
			}
		},
		"www.arrivva.com_54.84.164.31": {
			"id": "www.arrivva.com_54.84.164.31",
			"relation": "r_dns_a",
			"source": "www.arrivva.com",
			"target": "54.84.164.31",
			"label": {
				"formatter": "r_dns_a",
				"show": true
			},
			"lineStyle": {
				"color": "#FF0000",
				"width": 3
			}
		},
		"54.84.164.31_AS14618": {
			"id": "54.84.164.31_AS14618",
			"relation": "r_asn",
			"source": "54.84.164.31",
			"target": "AS14618",
			"label": {
				"formatter": "r_asn",
				"show": true
			},
			"lineStyle": {
				"color": "#984B4B",
				"width": 3
			}
		},
		"www.kristencraft.com_34_226_50_122": {
			"id": "www.kristencraft.com_34_226_50_122",
			"relation": "r_dns_a",
			"source": "www.kristencraft.com",
			"target": "34.226.50.122",
			"label": {
				"formatter": "r_dns_a",
				"show": true
			},
			"lineStyle": {
				"color": "#FF0000",
				"width": 3
			}
		},
		"34.226.50.122_34.226.50.0/24": {
			"id": "34.226.50.122_34.226.50.0/24",
			"relation": "r_cidr",
			"source": "34.226.50.122",
			"target": "34.226.50.0/24",
			"label": {
				"formatter": "r_cidr",
				"show": true
			},
			"lineStyle": {
				"color": "#9F79EE",
				"width": 3
			}
		},
		"www.kristencraft.com_34.226.50.122": {
			"id": "www.kristencraft.com_34.226.50.122",
			"relation": "r_dns_a",
			"source": "www.kristencraft.com",
			"target": "34.226.50.122",
			"label": {
				"formatter": "r_dns_a",
				"show": true
			},
			"lineStyle": {
				"color": "#FF0000",
				"width": 3
			}
		},
		"kristencraft.mymoxie.app_34.226.50.122": {
			"id": "kristencraft.mymoxie.app_34.226.50.122",
			"relation": "r_dns_a",
			"source": "kristencraft.mymoxie.app",
			"target": "34.226.50.122",
			"label": {
				"formatter": "r_dns_a",
				"show": true
			},
			"lineStyle": {
				"color": "#FF0000",
				"width": 3
			}
		},
		"web-1-459703590.us-east-1.elb.amazonaws.com_34.226.50.122": {
			"id": "web-1-459703590.us-east-1.elb.amazonaws.com_34.226.50.122",
			"relation": "r_dns_a",
			"source": "web-1-459703590.us-east-1.elb.amazonaws.com",
			"target": "34.226.50.122",
			"label": {
				"formatter": "r_dns_a",
				"show": true
			},
			"lineStyle": {
				"color": "#FF0000",
				"width": 3
			}
		},
		"arrivva.unstacksite.com_34.226.50.122": {
			"id": "arrivva.unstacksite.com_34.226.50.122",
			"relation": "r_dns_a",
			"source": "arrivva.unstacksite.com",
			"target": "34.226.50.122",
			"label": {
				"formatter": "r_dns_a",
				"show": true
			},
			"lineStyle": {
				"color": "#FF0000",
				"width": 3
			}
		},
		"www.arrivva.com_34.226.50.122": {
			"id": "www.arrivva.com_34.226.50.122",
			"relation": "r_dns_a",
			"source": "www.arrivva.com",
			"target": "34.226.50.122",
			"label": {
				"formatter": "r_dns_a",
				"show": true
			},
			"lineStyle": {
				"color": "#FF0000",
				"width": 3
			}
		},
		"34.226.50.122_AS14618": {
			"id": "34.226.50.122_AS14618",
			"relation": "r_asn",
			"source": "34.226.50.122",
			"target": "AS14618",
			"label": {
				"formatter": "r_asn",
				"show": true
			},
			"lineStyle": {
				"color": "#984B4B",
				"width": 3
			}
		},
		"www.kristencraft.com_54_84_164_31": {
			"id": "www.kristencraft.com_54_84_164_31",
			"relation": "r_dns_a",
			"source": "www.kristencraft.com",
			"target": "54.84.164.31",
			"label": {
				"formatter": "r_dns_a",
				"show": true
			},
			"lineStyle": {
				"color": "#FF0000",
				"width": 3
			}
		},
		"3.208.154.216_3.208.154.0/24": {
			"id": "3.208.154.216_3.208.154.0/24",
			"relation": "r_cidr",
			"source": "3.208.154.216",
			"target": "3.208.154.0/24",
			"label": {
				"formatter": "r_cidr",
				"show": true
			},
			"lineStyle": {
				"color": "#9F79EE",
				"width": 3
			}
		},
		"unstacksite.com_3.208.154.216": {
			"id": "unstacksite.com_3.208.154.216",
			"relation": "r_dns_a",
			"source": "unstacksite.com",
			"target": "3.208.154.216",
			"label": {
				"formatter": "r_dns_a",
				"show": true
			},
			"lineStyle": {
				"color": "#FF0000",
				"width": 3
			}
		},
		"apimade.unstacksite.com_3.208.154.216": {
			"id": "apimade.unstacksite.com_3.208.154.216",
			"relation": "r_dns_a",
			"source": "apimade.unstacksite.com",
			"target": "3.208.154.216",
			"label": {
				"formatter": "r_dns_a",
				"show": true
			},
			"lineStyle": {
				"color": "#FF0000",
				"width": 3
			}
		},
		"www.apimade.com_3.208.154.216": {
			"id": "www.apimade.com_3.208.154.216",
			"relation": "r_dns_a",
			"source": "www.apimade.com",
			"target": "3.208.154.216",
			"label": {
				"formatter": "r_dns_a",
				"show": true
			},
			"lineStyle": {
				"color": "#FF0000",
				"width": 3
			}
		},
		"www.truongtuequang.com_3.208.154.216": {
			"id": "www.truongtuequang.com_3.208.154.216",
			"relation": "r_dns_a",
			"source": "www.truongtuequang.com",
			"target": "3.208.154.216",
			"label": {
				"formatter": "r_dns_a",
				"show": true
			},
			"lineStyle": {
				"color": "#FF0000",
				"width": 3
			}
		},
		"truongtuequangcom.unstacksite.com_3.208.154.216": {
			"id": "truongtuequangcom.unstacksite.com_3.208.154.216",
			"relation": "r_dns_a",
			"source": "truongtuequangcom.unstacksite.com",
			"target": "3.208.154.216",
			"label": {
				"formatter": "r_dns_a",
				"show": true
			},
			"lineStyle": {
				"color": "#FF0000",
				"width": 3
			}
		},
		"3.208.154.216_AS14618": {
			"id": "3.208.154.216_AS14618",
			"relation": "r_asn",
			"source": "3.208.154.216",
			"target": "AS14618",
			"label": {
				"formatter": "r_asn",
				"show": true
			},
			"lineStyle": {
				"color": "#984B4B",
				"width": 3
			}
		},
		"34.235.32.245_34.235.32.0/24": {
			"id": "34.235.32.245_34.235.32.0/24",
			"relation": "r_cidr",
			"source": "34.235.32.245",
			"target": "34.235.32.0/24",
			"label": {
				"formatter": "r_cidr",
				"show": true
			},
			"lineStyle": {
				"color": "#9F79EE",
				"width": 3
			}
		},
		"chathamhvac.unstacksite.com_34.235.32.245": {
			"id": "chathamhvac.unstacksite.com_34.235.32.245",
			"relation": "r_dns_a",
			"source": "chathamhvac.unstacksite.com",
			"target": "34.235.32.245",
			"label": {
				"formatter": "r_dns_a",
				"show": true
			},
			"lineStyle": {
				"color": "#FF0000",
				"width": 3
			}
		},
		"drewmauldin.unstacksite.com_34.235.32.245": {
			"id": "drewmauldin.unstacksite.com_34.235.32.245",
			"relation": "r_dns_a",
			"source": "drewmauldin.unstacksite.com",
			"target": "34.235.32.245",
			"label": {
				"formatter": "r_dns_a",
				"show": true
			},
			"lineStyle": {
				"color": "#FF0000",
				"width": 3
			}
		},
		"unstacksite.com_34.235.32.245": {
			"id": "unstacksite.com_34.235.32.245",
			"relation": "r_dns_a",
			"source": "unstacksite.com",
			"target": "34.235.32.245",
			"label": {
				"formatter": "r_dns_a",
				"show": true
			},
			"lineStyle": {
				"color": "#FF0000",
				"width": 3
			}
		},
		"garexia.unstacksite.com_34.235.32.245": {
			"id": "garexia.unstacksite.com_34.235.32.245",
			"relation": "r_dns_a",
			"source": "garexia.unstacksite.com",
			"target": "34.235.32.245",
			"label": {
				"formatter": "r_dns_a",
				"show": true
			},
			"lineStyle": {
				"color": "#FF0000",
				"width": 3
			}
		},
		"www.nocodepizza.com_34.235.32.245": {
			"id": "www.nocodepizza.com_34.235.32.245",
			"relation": "r_dns_a",
			"source": "www.nocodepizza.com",
			"target": "34.235.32.245",
			"label": {
				"formatter": "r_dns_a",
				"show": true
			},
			"lineStyle": {
				"color": "#FF0000",
				"width": 3
			}
		},
		"nocodepizza.unstacksite.com_34.235.32.245": {
			"id": "nocodepizza.unstacksite.com_34.235.32.245",
			"relation": "r_dns_a",
			"source": "nocodepizza.unstacksite.com",
			"target": "34.235.32.245",
			"label": {
				"formatter": "r_dns_a",
				"show": true
			},
			"lineStyle": {
				"color": "#FF0000",
				"width": 3
			}
		},
		"dmme.unstacksite.com_34.235.32.245": {
			"id": "dmme.unstacksite.com_34.235.32.245",
			"relation": "r_dns_a",
			"source": "dmme.unstacksite.com",
			"target": "34.235.32.245",
			"label": {
				"formatter": "r_dns_a",
				"show": true
			},
			"lineStyle": {
				"color": "#FF0000",
				"width": 3
			}
		},
		"rockymartin.tech_34.235.32.245": {
			"id": "rockymartin.tech_34.235.32.245",
			"relation": "r_dns_a",
			"source": "rockymartin.tech",
			"target": "34.235.32.245",
			"label": {
				"formatter": "r_dns_a",
				"show": true
			},
			"lineStyle": {
				"color": "#FF0000",
				"width": 3
			}
		},
		"www.rockymartin.tech_34.235.32.245": {
			"id": "www.rockymartin.tech_34.235.32.245",
			"relation": "r_dns_a",
			"source": "www.rockymartin.tech",
			"target": "34.235.32.245",
			"label": {
				"formatter": "r_dns_a",
				"show": true
			},
			"lineStyle": {
				"color": "#FF0000",
				"width": 3
			}
		},
		"onlyforecastscom.unstacksite.com_34.235.32.245": {
			"id": "onlyforecastscom.unstacksite.com_34.235.32.245",
			"relation": "r_dns_a",
			"source": "onlyforecastscom.unstacksite.com",
			"target": "34.235.32.245",
			"label": {
				"formatter": "r_dns_a",
				"show": true
			},
			"lineStyle": {
				"color": "#FF0000",
				"width": 3
			}
		},
		"www.onlyforecasts.com_34.235.32.245": {
			"id": "www.onlyforecasts.com_34.235.32.245",
			"relation": "r_dns_a",
			"source": "www.onlyforecasts.com",
			"target": "34.235.32.245",
			"label": {
				"formatter": "r_dns_a",
				"show": true
			},
			"lineStyle": {
				"color": "#FF0000",
				"width": 3
			}
		},
		"apimade.unstacksite.com_34.235.32.245": {
			"id": "apimade.unstacksite.com_34.235.32.245",
			"relation": "r_dns_a",
			"source": "apimade.unstacksite.com",
			"target": "34.235.32.245",
			"label": {
				"formatter": "r_dns_a",
				"show": true
			},
			"lineStyle": {
				"color": "#FF0000",
				"width": 3
			}
		},
		"www.apimade.com_34.235.32.245": {
			"id": "www.apimade.com_34.235.32.245",
			"relation": "r_dns_a",
			"source": "www.apimade.com",
			"target": "34.235.32.245",
			"label": {
				"formatter": "r_dns_a",
				"show": true
			},
			"lineStyle": {
				"color": "#FF0000",
				"width": 3
			}
		},
		"www.truongtuequang.com_34.235.32.245": {
			"id": "www.truongtuequang.com_34.235.32.245",
			"relation": "r_dns_a",
			"source": "www.truongtuequang.com",
			"target": "34.235.32.245",
			"label": {
				"formatter": "r_dns_a",
				"show": true
			},
			"lineStyle": {
				"color": "#FF0000",
				"width": 3
			}
		},
		"truongtuequangcom.unstacksite.com_34.235.32.245": {
			"id": "truongtuequangcom.unstacksite.com_34.235.32.245",
			"relation": "r_dns_a",
			"source": "truongtuequangcom.unstacksite.com",
			"target": "34.235.32.245",
			"label": {
				"formatter": "r_dns_a",
				"show": true
			},
			"lineStyle": {
				"color": "#FF0000",
				"width": 3
			}
		},
		"www.keishawn.design_34.235.32.245": {
			"id": "www.keishawn.design_34.235.32.245",
			"relation": "r_dns_a",
			"source": "www.keishawn.design",
			"target": "34.235.32.245",
			"label": {
				"formatter": "r_dns_a",
				"show": true
			},
			"lineStyle": {
				"color": "#FF0000",
				"width": 3
			}
		},
		"www.chathamhvac.com_34.235.32.245": {
			"id": "www.chathamhvac.com_34.235.32.245",
			"relation": "r_dns_a",
			"source": "www.chathamhvac.com",
			"target": "34.235.32.245",
			"label": {
				"formatter": "r_dns_a",
				"show": true
			},
			"lineStyle": {
				"color": "#FF0000",
				"width": 3
			}
		},
		"threefortystudios.unstacksite.com_34.235.32.245": {
			"id": "threefortystudios.unstacksite.com_34.235.32.245",
			"relation": "r_dns_a",
			"source": "threefortystudios.unstacksite.com",
			"target": "34.235.32.245",
			"label": {
				"formatter": "r_dns_a",
				"show": true
			},
			"lineStyle": {
				"color": "#FF0000",
				"width": 3
			}
		},
		"chathamhvac.unstacksite.com_52_1_162_153": {
			"id": "chathamhvac.unstacksite.com_52_1_162_153",
			"relation": "r_dns_a",
			"source": "chathamhvac.unstacksite.com",
			"target": "52.1.162.153",
			"label": {
				"formatter": "r_dns_a",
				"show": true
			},
			"lineStyle": {
				"color": "#FF0000",
				"width": 3
			}
		},
		"apimade.unstacksite.com_3_208_154_216": {
			"id": "apimade.unstacksite.com_3_208_154_216",
			"relation": "r_dns_a",
			"source": "apimade.unstacksite.com",
			"target": "3.208.154.216",
			"label": {
				"formatter": "r_dns_a",
				"show": true
			},
			"lineStyle": {
				"color": "#FF0000",
				"width": 3
			}
		},
		"52.1.162.153_52.1.162.0/24": {
			"id": "52.1.162.153_52.1.162.0/24",
			"relation": "r_cidr",
			"source": "52.1.162.153",
			"target": "52.1.162.0/24",
			"label": {
				"formatter": "r_cidr",
				"show": true
			},
			"lineStyle": {
				"color": "#9F79EE",
				"width": 3
			}
		},
		"chathamhvac.unstacksite.com_52.1.162.153": {
			"id": "chathamhvac.unstacksite.com_52.1.162.153",
			"relation": "r_dns_a",
			"source": "chathamhvac.unstacksite.com",
			"target": "52.1.162.153",
			"label": {
				"formatter": "r_dns_a",
				"show": true
			},
			"lineStyle": {
				"color": "#FF0000",
				"width": 3
			}
		},
		"drewmauldin.unstacksite.com_52.1.162.153": {
			"id": "drewmauldin.unstacksite.com_52.1.162.153",
			"relation": "r_dns_a",
			"source": "drewmauldin.unstacksite.com",
			"target": "52.1.162.153",
			"label": {
				"formatter": "r_dns_a",
				"show": true
			},
			"lineStyle": {
				"color": "#FF0000",
				"width": 3
			}
		},
		"unstacksite.com_52.1.162.153": {
			"id": "unstacksite.com_52.1.162.153",
			"relation": "r_dns_a",
			"source": "unstacksite.com",
			"target": "52.1.162.153",
			"label": {
				"formatter": "r_dns_a",
				"show": true
			},
			"lineStyle": {
				"color": "#FF0000",
				"width": 3
			}
		},
		"garexia.unstacksite.com_52.1.162.153": {
			"id": "garexia.unstacksite.com_52.1.162.153",
			"relation": "r_dns_a",
			"source": "garexia.unstacksite.com",
			"target": "52.1.162.153",
			"label": {
				"formatter": "r_dns_a",
				"show": true
			},
			"lineStyle": {
				"color": "#FF0000",
				"width": 3
			}
		},
		"www.nocodepizza.com_52.1.162.153": {
			"id": "www.nocodepizza.com_52.1.162.153",
			"relation": "r_dns_a",
			"source": "www.nocodepizza.com",
			"target": "52.1.162.153",
			"label": {
				"formatter": "r_dns_a",
				"show": true
			},
			"lineStyle": {
				"color": "#FF0000",
				"width": 3
			}
		},
		"nocodepizza.unstacksite.com_52.1.162.153": {
			"id": "nocodepizza.unstacksite.com_52.1.162.153",
			"relation": "r_dns_a",
			"source": "nocodepizza.unstacksite.com",
			"target": "52.1.162.153",
			"label": {
				"formatter": "r_dns_a",
				"show": true
			},
			"lineStyle": {
				"color": "#FF0000",
				"width": 3
			}
		},
		"dmme.unstacksite.com_52.1.162.153": {
			"id": "dmme.unstacksite.com_52.1.162.153",
			"relation": "r_dns_a",
			"source": "dmme.unstacksite.com",
			"target": "52.1.162.153",
			"label": {
				"formatter": "r_dns_a",
				"show": true
			},
			"lineStyle": {
				"color": "#FF0000",
				"width": 3
			}
		},
		"rockymartin.tech_52.1.162.153": {
			"id": "rockymartin.tech_52.1.162.153",
			"relation": "r_dns_a",
			"source": "rockymartin.tech",
			"target": "52.1.162.153",
			"label": {
				"formatter": "r_dns_a",
				"show": true
			},
			"lineStyle": {
				"color": "#FF0000",
				"width": 3
			}
		},
		"www.rockymartin.tech_52.1.162.153": {
			"id": "www.rockymartin.tech_52.1.162.153",
			"relation": "r_dns_a",
			"source": "www.rockymartin.tech",
			"target": "52.1.162.153",
			"label": {
				"formatter": "r_dns_a",
				"show": true
			},
			"lineStyle": {
				"color": "#FF0000",
				"width": 3
			}
		},
		"onlyforecastscom.unstacksite.com_52.1.162.153": {
			"id": "onlyforecastscom.unstacksite.com_52.1.162.153",
			"relation": "r_dns_a",
			"source": "onlyforecastscom.unstacksite.com",
			"target": "52.1.162.153",
			"label": {
				"formatter": "r_dns_a",
				"show": true
			},
			"lineStyle": {
				"color": "#FF0000",
				"width": 3
			}
		},
		"www.onlyforecasts.com_52.1.162.153": {
			"id": "www.onlyforecasts.com_52.1.162.153",
			"relation": "r_dns_a",
			"source": "www.onlyforecasts.com",
			"target": "52.1.162.153",
			"label": {
				"formatter": "r_dns_a",
				"show": true
			},
			"lineStyle": {
				"color": "#FF0000",
				"width": 3
			}
		},
		"www.keishawn.design_52.1.162.153": {
			"id": "www.keishawn.design_52.1.162.153",
			"relation": "r_dns_a",
			"source": "www.keishawn.design",
			"target": "52.1.162.153",
			"label": {
				"formatter": "r_dns_a",
				"show": true
			},
			"lineStyle": {
				"color": "#FF0000",
				"width": 3
			}
		},
		"www.chathamhvac.com_52.1.162.153": {
			"id": "www.chathamhvac.com_52.1.162.153",
			"relation": "r_dns_a",
			"source": "www.chathamhvac.com",
			"target": "52.1.162.153",
			"label": {
				"formatter": "r_dns_a",
				"show": true
			},
			"lineStyle": {
				"color": "#FF0000",
				"width": 3
			}
		},
		"threefortystudios.unstacksite.com_52.1.162.153": {
			"id": "threefortystudios.unstacksite.com_52.1.162.153",
			"relation": "r_dns_a",
			"source": "threefortystudios.unstacksite.com",
			"target": "52.1.162.153",
			"label": {
				"formatter": "r_dns_a",
				"show": true
			},
			"lineStyle": {
				"color": "#FF0000",
				"width": 3
			}
		},
		"www.garexia.com_52.1.162.153": {
			"id": "www.garexia.com_52.1.162.153",
			"relation": "r_dns_a",
			"source": "www.garexia.com",
			"target": "52.1.162.153",
			"label": {
				"formatter": "r_dns_a",
				"show": true
			},
			"lineStyle": {
				"color": "#FF0000",
				"width": 3
			}
		},
		"www.dmme.agency_52.1.162.153": {
			"id": "www.dmme.agency_52.1.162.153",
			"relation": "r_dns_a",
			"source": "www.dmme.agency",
			"target": "52.1.162.153",
			"label": {
				"formatter": "r_dns_a",
				"show": true
			},
			"lineStyle": {
				"color": "#FF0000",
				"width": 3
			}
		},
		"rockym.unstacksite.com_52.1.162.153": {
			"id": "rockym.unstacksite.com_52.1.162.153",
			"relation": "r_dns_a",
			"source": "rockym.unstacksite.com",
			"target": "52.1.162.153",
			"label": {
				"formatter": "r_dns_a",
				"show": true
			},
			"lineStyle": {
				"color": "#FF0000",
				"width": 3
			}
		},
		"52.1.162.153_AS14618": {
			"id": "52.1.162.153_AS14618",
			"relation": "r_asn",
			"source": "52.1.162.153",
			"target": "AS14618",
			"label": {
				"formatter": "r_asn",
				"show": true
			},
			"lineStyle": {
				"color": "#984B4B",
				"width": 3
			}
		},
		"chathamhvac.unstacksite.com_34_235_32_245": {
			"id": "chathamhvac.unstacksite.com_34_235_32_245",
			"relation": "r_dns_a",
			"source": "chathamhvac.unstacksite.com",
			"target": "34.235.32.245",
			"label": {
				"formatter": "r_dns_a",
				"show": true
			},
			"lineStyle": {
				"color": "#FF0000",
				"width": 3
			}
		}
	},
	"q_id": "www_unstack_com"
}
