{"nodes":{"139_45_197_106":{"name":"139.45.197.106","type":"IP","page":-1},"thautsie_net":{"name":"thautsie.net","type":"Domain","page":-1},"graivaik_com":{"name":"graivaik.com","type":"Domain","page":-1},"chilromy_net":{"name":"chilromy.net","type":"Domain","page":-1},"139_45_197_88":{"name":"139.45.197.88","type":"IP","page":-1},"4cf29cb7f1029d9b0af3c71733cee55cb099229c1561225c1df6f8b5ed3533a3":{"name":"4cf29cb7f1029d9b0af3c71733cee55cb099229c1561225c1df6f8b5ed3533a3","type":"Cert_SHA256","page":-1},"139_45_197_78":{"name":"139.45.197.78","type":"IP","page":-1},"3318851175a1c6ea26a1f9218c6624014dc460b7116342ca0e84d5b647c17bcf":{"name":"3318851175a1c6ea26a1f9218c6624014dc460b7116342ca0e84d5b647c17bcf","type":"Cert_SHA256","page":-1},"139_45_197_79":{"name":"139.45.197.79","type":"IP","page":-1},"67fc2e640637e3dcaab49c8bf84fedd5e6814bae6e25de56ba409c4c6b42fb41":{"name":"67fc2e640637e3dcaab49c8bf84fedd5e6814bae6e25de56ba409c4c6b42fb41","type":"Cert_SHA256","page":-1},"139_45_197_0_24":{"name":"139.45.197.0/24","type":"IP_CIDR","page":0},"steckoap_net":{"name":"steckoap.net","type":"Domain","page":-1},"foazasis_com":{"name":"foazasis.com","type":"Domain","page":-1},"gloussuz_com":{"name":"gloussuz.com","type":"Domain","page":-1},"othoarul_com":{"name":"othoarul.com","type":"Domain","page":-1},"heefaith_net":{"name":"heefaith.net","type":"Domain","page":-1},"stoowhom_net":{"name":"stoowhom.net","type":"Domain","page":-1},"ooxoatse_com":{"name":"ooxoatse.com","type":"Domain","page":-1},"bathibsa_com":{"name":"bathibsa.com","type":"Domain","page":-1},"oujouniw_com":{"name":"oujouniw.com","type":"Domain","page":-1},"whoshood_com":{"name":"whoshood.com","type":"Domain","page":-1},"gletaums_net":{"name":"gletaums.net","type":"Domain","page":-1},"aukrouwy_net":{"name":"aukrouwy.net","type":"Domain","page":-1},"ouftukoo_net":{"name":"ouftukoo.net","type":"Domain","page":-1},"neesupee_com":{"name":"neesupee.com","type":"Domain","page":-1},"vashoaft_net":{"name":"vashoaft.net","type":"Domain","page":-1},"AS9002":{"name":"AS9002","type":"ASN","page":0},"oochaurt_com":{"name":"oochaurt.com","type":"Domain","page":-1},"stoashou_net":{"name":"stoashou.net","type":"Domain","page":-1},"kizoweet_com":{"name":"kizoweet.com","type":"Domain","page":-1},"upsoozoa_net":{"name":"upsoozoa.net","type":"Domain","page":-1},"couhepoa_net":{"name":"couhepoa.net","type":"Domain","page":-1},"tauchaus_com":{"name":"tauchaus.com","type":"Domain","page":-1},"naishuhe_net":{"name":"naishuhe.net","type":"Domain","page":-1},"imounsos_com":{"name":"imounsos.com","type":"Domain","page":-1},"soazooge_com":{"name":"soazooge.com","type":"Domain","page":-1},"atoultou_com":{"name":"atoultou.com","type":"Domain","page":-1},"duxumpou_com":{"name":"duxumpou.com","type":"Domain","page":-1},"hoosorie_com":{"name":"hoosorie.com","type":"Domain","page":-1},"poudeeri_com":{"name":"poudeeri.com","type":"Domain","page":-1},"zudrurta_com":{"name":"zudrurta.com","type":"Domain","page":-1},"grirault_net":{"name":"grirault.net","type":"Domain","page":-1},"cerizoug_net":{"name":"cerizoug.net","type":"Domain","page":-1},"gromairt_net":{"name":"gromairt.net","type":"Domain","page":-1},"koowaido_net":{"name":"koowaido.net","type":"Domain","page":-1},"keepaira_net":{"name":"keepaira.net","type":"Domain","page":-1},"moowouzy_net":{"name":"moowouzy.net","type":"Domain","page":-1},"roaptoub_com":{"name":"roaptoub.com","type":"Domain","page":-1},"noateeva_com":{"name":"noateeva.com","type":"Domain","page":-1},"booceemu_com":{"name":"booceemu.com","type":"Domain","page":-1},"nouwaiky_net":{"name":"nouwaiky.net","type":"Domain","page":-1},"paiptoaz_com":{"name":"paiptoaz.com","type":"Domain","page":-1},"jaiwuzoo_net":{"name":"jaiwuzoo.net","type":"Domain","page":-1},"aissores_com":{"name":"aissores.com","type":"Domain","page":-1},"lizautie_net":{"name":"lizautie.net","type":"Domain","page":-1},"ophoahik_net":{"name":"ophoahik.net","type":"Domain","page":-1},"zaugroaw_net":{"name":"zaugroaw.net","type":"Domain","page":-1},"boudougu_com":{"name":"boudougu.com","type":"Domain","page":-1},"pteefoak_com":{"name":"pteefoak.com","type":"Domain","page":-1},"psoptopi_com":{"name":"psoptopi.com","type":"Domain","page":0},"gloumtol_net":{"name":"gloumtol.net","type":"Domain","page":0},"wultaikr_net":{"name":"wultaikr.net","type":"Domain","page":0},"phaimtol_net":{"name":"phaimtol.net","type":"Domain","page":0},"raiphupi_com":{"name":"raiphupi.com","type":"Domain","page":0},"kaicoomy_net":{"name":"kaicoomy.net","type":"Domain","page":0},"phaickan_com":{"name":"phaickan.com","type":"Domain","page":0},"pteemtis_net":{"name":"pteemtis.net","type":"Domain","page":0},"feemusta_com":{"name":"feemusta.com","type":"Domain","page":0},"kuksebel_com":{"name":"kuksebel.com","type":"Domain","page":0},"ratoumsy_com":{"name":"ratoumsy.com","type":"Domain","page":0},"iglaique_net":{"name":"iglaique.net","type":"Domain","page":0},"noagloot_net":{"name":"noagloot.net","type":"Domain","page":0},"liwhetsu_com":{"name":"liwhetsu.com","type":"Domain","page":0},"boubeeth_com":{"name":"boubeeth.com","type":"Domain","page":0},"aujaujoa_net":{"name":"aujaujoa.net","type":"Domain","page":0},"toapsira_net":{"name":"toapsira.net","type":"Domain","page":0},"foavistu_net":{"name":"foavistu.net","type":"Domain","page":0},"139_45_197_84":{"name":"139.45.197.84","type":"IP","page":-1},"de1e7abcf86e90bbc7a30cfd2b6e1c5ef1aa81eb4e0da3e610cfb5544fa04726":{"name":"de1e7abcf86e90bbc7a30cfd2b6e1c5ef1aa81eb4e0da3e610cfb5544fa04726","type":"Cert_SHA256","page":-1},"e446c5e9dbef9d09ac9f7027c034602492437a05ff6c40011d7235fca639c79a":{"name":"e446c5e9dbef9d09ac9f7027c034602492437a05ff6c40011d7235fca639c79a","type":"Cert_SHA256","page":0},"139_45_197_74":{"name":"139.45.197.74","type":"IP","page":-1},"db03df8112f3ba32309d0e835949562464774a7331715eab96ca7a6554f5b125":{"name":"db03df8112f3ba32309d0e835949562464774a7331715eab96ca7a6554f5b125","type":"Cert_SHA256","page":0},"139_45_197_85":{"name":"139.45.197.85","type":"IP","page":-1},"139_45_197_73":{"name":"139.45.197.73","type":"IP","page":1},"6ea7656079d1fe4879aa46c11f051f7b627ec31c2032e9a9e8409aee1905d6c6":{"name":"6ea7656079d1fe4879aa46c11f051f7b627ec31c2032e9a9e8409aee1905d6c6","type":"Cert_SHA256","page":0},"139_45_197_86":{"name":"139.45.197.86","type":"IP","page":-1},"74413b095e60c4ce5b48423e0df090faee2fad69d4f521fa84db953ff9fbc0a2":{"name":"74413b095e60c4ce5b48423e0df090faee2fad69d4f521fa84db953ff9fbc0a2","type":"Cert_SHA256","page":0},"139_45_197_80":{"name":"139.45.197.80","type":"IP","page":-1},"1d8d2a6568dc42b0d0f9d30a983b431d762fe3a7338c3d588a9336e35f561315":{"name":"1d8d2a6568dc42b0d0f9d30a983b431d762fe3a7338c3d588a9336e35f561315","type":"Cert_SHA256","page":0},"139_45_197_76":{"name":"139.45.197.76","type":"IP","page":-1},"3afa6eb1fe12d493622d30d54c84bd95589c3c6c8fe9a12faee923d7c9e5acf6":{"name":"3afa6eb1fe12d493622d30d54c84bd95589c3c6c8fe9a12faee923d7c9e5acf6","type":"Cert_SHA256","page":0},"139_45_197_70":{"name":"139.45.197.70","type":"IP","page":-1},"6b2626ec16fd07f35680e3ffd1da6e4d6aab7fc3ebe6d183228a893ce8164b99":{"name":"6b2626ec16fd07f35680e3ffd1da6e4d6aab7fc3ebe6d183228a893ce8164b99","type":"Cert_SHA256","page":0},"0ab5d8fe3e2f4bf4824eb5b9e2adaefd6c7f85be734042afd7227759ff9e70d8":{"name":"0ab5d8fe3e2f4bf4824eb5b9e2adaefd6c7f85be734042afd7227759ff9e70d8","type":"Cert_SHA256","page":0},"7baa0361656d8ff2f49ddbdf450774247b79dc8b64b82c5b7674bd39093f8130":{"name":"7baa0361656d8ff2f49ddbdf450774247b79dc8b64b82c5b7674bd39093f8130","type":"Cert_SHA256","page":0},"mimpiphy_net":{"name":"mimpiphy.net","type":"Domain","page":0},"greemeek_net":{"name":"greemeek.net","type":"Domain","page":0},"shitiphu_com":{"name":"shitiphu.com","type":"Domain","page":0},"zuphekry_net":{"name":"zuphekry.net","type":"Domain","page":0},"justookr_net":{"name":"justookr.net","type":"Domain","page":0},"ourauhoa_net":{"name":"ourauhoa.net","type":"Domain","page":0},"grergoch_net":{"name":"grergoch.net","type":"Domain","page":0},"shiptoud_com":{"name":"shiptoud.com","type":"Domain","page":0},"virashux_net":{"name":"virashux.net","type":"Domain","page":0},"acootaul_net":{"name":"acootaul.net","type":"Domain","page":0},"fofipsie_net":{"name":"fofipsie.net","type":"Domain","page":0},"joorejou_net":{"name":"joorejou.net","type":"Domain","page":0},"ptaughar_com":{"name":"ptaughar.com","type":"Domain","page":0},"caustouy_net":{"name":"caustouy.net","type":"Domain","page":0},"neewoapi_com":{"name":"neewoapi.com","type":"Domain","page":0},"baubogla_com":{"name":"baubogla.com","type":"Domain","page":0},"sangogne_com":{"name":"sangogne.com","type":"Domain","page":0},"sutchart_net":{"name":"sutchart.net","type":"Domain","page":0},"phiptams_net":{"name":"phiptams.net","type":"Domain","page":0},"vudoutch_com":{"name":"vudoutch.com","type":"Domain","page":0},"phaulrun_com":{"name":"phaulrun.com","type":"Domain","page":0},"thaihats_net":{"name":"thaihats.net","type":"Domain","page":0},"hounicuy_com":{"name":"hounicuy.com","type":"Domain","page":0},"loaphour_com":{"name":"loaphour.com","type":"Domain","page":0},"staulrut_net":{"name":"staulrut.net","type":"Domain","page":0},"neesoape_com":{"name":"neesoape.com","type":"Domain","page":0},"zoaheeth_com":{"name":"zoaheeth.com","type":"Domain","page":0},"glishais_net":{"name":"glishais.net","type":"Domain","page":0},"oacautoh_net":{"name":"oacautoh.net","type":"Domain","page":0},"owowoaty_com":{"name":"owowoaty.com","type":"Domain","page":0},"thiltimt_com":{"name":"thiltimt.com","type":"Domain","page":0},"ugaupeex_net":{"name":"ugaupeex.net","type":"Domain","page":0},"jaugloup_com":{"name":"jaugloup.com","type":"Domain","page":0},"ptaivain_net":{"name":"ptaivain.net","type":"Domain","page":0},"pagnookr_net":{"name":"pagnookr.net","type":"Domain","page":0},"wauthaum_com":{"name":"wauthaum.com","type":"Domain","page":0},"psaukrik_net":{"name":"psaukrik.net","type":"Domain","page":0},"purdewee_net":{"name":"purdewee.net","type":"Domain","page":0},"glookroz_net":{"name":"glookroz.net","type":"Domain","page":0},"pharougn_com":{"name":"pharougn.com","type":"Domain","page":0},"airsoubs_com":{"name":"airsoubs.com","type":"Domain","page":0},"raigluce_net":{"name":"raigluce.net","type":"Domain","page":0},"neenaist_net":{"name":"neenaist.net","type":"Domain","page":0},"chiphecy_net":{"name":"chiphecy.net","type":"Domain","page":0},"ivoophie_net":{"name":"ivoophie.net","type":"Domain","page":0},"vempozah_net":{"name":"vempozah.net","type":"Domain","page":0},"loomufie_com":{"name":"loomufie.com","type":"Domain","page":0},"jotchept_com":{"name":"jotchept.com","type":"Domain","page":0},"oukruque_com":{"name":"oukruque.com","type":"Domain","page":0},"glooglor_com":{"name":"glooglor.com","type":"Domain","page":0},"gringoku_com":{"name":"gringoku.com","type":"Domain","page":0},"stavecku_net":{"name":"stavecku.net","type":"Domain","page":0},"seechaiw_com":{"name":"seechaiw.com","type":"Domain","page":0},"pheezaps_net":{"name":"pheezaps.net","type":"Domain","page":0},"japhezul_com":{"name":"japhezul.com","type":"Domain","page":0},"jicmutse_com":{"name":"jicmutse.com","type":"Domain","page":0},"maihaimo_com":{"name":"maihaimo.com","type":"Domain","page":0},"meehaina_net":{"name":"meehaina.net","type":"Domain","page":0},"oaraunal_com":{"name":"oaraunal.com","type":"Domain","page":0},"norteevu_com":{"name":"norteevu.com","type":"Domain","page":0},"foapoopt_com":{"name":"foapoopt.com","type":"Domain","page":0},"oodsotso_com":{"name":"oodsotso.com","type":"Domain","page":0},"stootoat_com":{"name":"stootoat.com","type":"Domain","page":0},"phitcher_net":{"name":"phitcher.net","type":"Domain","page":0},"psagheet_com":{"name":"psagheet.com","type":"Domain","page":0},"tipishaz_com":{"name":"tipishaz.com","type":"Domain","page":0},"wairazaz_com":{"name":"wairazaz.com","type":"Domain","page":0},"staidsid_net":{"name":"staidsid.net","type":"Domain","page":0},"chaineky_com":{"name":"chaineky.com","type":"Domain","page":0},"ptoosteg_com":{"name":"ptoosteg.com","type":"Domain","page":0},"miltauru_net":{"name":"miltauru.net","type":"Domain","page":0},"ptavizap_net":{"name":"ptavizap.net","type":"Domain","page":0},"greedrum_net":{"name":"greedrum.net","type":"Domain","page":0},"mainauko_net":{"name":"mainauko.net","type":"Domain","page":0},"hoochoor_com":{"name":"hoochoor.com","type":"Domain","page":0},"soapsoab_com":{"name":"soapsoab.com","type":"Domain","page":0},"phiphooh_net":{"name":"phiphooh.net","type":"Domain","page":0},"oansauns_com":{"name":"oansauns.com","type":"Domain","page":0},"peefeehu_com":{"name":"peefeehu.com","type":"Domain","page":0},"togoutso_com":{"name":"togoutso.com","type":"Domain","page":0},"uglaiste_com":{"name":"uglaiste.com","type":"Domain","page":0},"phaureft_com":{"name":"phaureft.com","type":"Domain","page":0},"heckagny_com":{"name":"heckagny.com","type":"Domain","page":0},"neechuce_net":{"name":"neechuce.net","type":"Domain","page":0},"ptogheeb_net":{"name":"ptogheeb.net","type":"Domain","page":0},"grensauy_com":{"name":"grensauy.com","type":"Domain","page":0},"matchaix_net":{"name":"matchaix.net","type":"Domain","page":0},"huckauhy_com":{"name":"huckauhy.com","type":"Domain","page":0},"augheguw_net":{"name":"augheguw.net","type":"Domain","page":0},"oufteens_com":{"name":"oufteens.com","type":"Domain","page":0},"aidsauce_net":{"name":"aidsauce.net","type":"Domain","page":0},"jacmaift_com":{"name":"jacmaift.com","type":"Domain","page":0},"haghalra_com":{"name":"haghalra.com","type":"Domain","page":0},"faupikou_com":{"name":"faupikou.com","type":"Domain","page":0},"ufoukolt_com":{"name":"ufoukolt.com","type":"Domain","page":0},"seepsocu_net":{"name":"seepsocu.net","type":"Domain","page":0},"psewhaur_net":{"name":"psewhaur.net","type":"Domain","page":0},"stoaksie_com":{"name":"stoaksie.com","type":"Domain","page":0},"lutsoops_net":{"name":"lutsoops.net","type":"Domain","page":0},"foowafoa_com":{"name":"foowafoa.com","type":"Domain","page":0},"graunada_com":{"name":"graunada.com","type":"Domain","page":0},"glaxaukr_net":{"name":"glaxaukr.net","type":"Domain","page":0},"bataujou_com":{"name":"bataujou.com","type":"Domain","page":0},"mabeetam_com":{"name":"mabeetam.com","type":"Domain","page":0},"gracaiko_net":{"name":"gracaiko.net","type":"Domain","page":0},"wapsagnu_net":{"name":"wapsagnu.net","type":"Domain","page":0},"niltuvex_com":{"name":"niltuvex.com","type":"Domain","page":0},"noonigie_net":{"name":"noonigie.net","type":"Domain","page":0},"uropteed_net":{"name":"uropteed.net","type":"Domain","page":0},"maijiptu_net":{"name":"maijiptu.net","type":"Domain","page":0},"ptauvuph_com":{"name":"ptauvuph.com","type":"Domain","page":0},"zaivikuk_com":{"name":"zaivikuk.com","type":"Domain","page":0},"woogoust_com":{"name":"woogoust.com","type":"Domain","page":0},"noaloheb_com":{"name":"noaloheb.com","type":"Domain","page":0},"oukreesy_net":{"name":"oukreesy.net","type":"Domain","page":0},"jairoowe_com":{"name":"jairoowe.com","type":"Domain","page":0},"ptaussee_net":{"name":"ptaussee.net","type":"Domain","page":0},"a122fef0681ee401b841c5ea6c5576f366add483c53e3d54310f87cb7dd36bda":{"name":"a122fef0681ee401b841c5ea6c5576f366add483c53e3d54310f87cb7dd36bda","type":"Cert_SHA256","page":0},"4219da5642f31b5ad89a88522c520dde0632cd2add1a5e5465bcda4911114914":{"name":"4219da5642f31b5ad89a88522c520dde0632cd2add1a5e5465bcda4911114914","type":"Cert_SHA256","page":0},"139_45_197_72":{"name":"139.45.197.72","type":"IP","page":0},"9a81ef203a50bc0d42915b3a3cb2d4835037140e51017a0c073e2871461fbda1":{"name":"9a81ef203a50bc0d42915b3a3cb2d4835037140e51017a0c073e2871461fbda1","type":"Cert_SHA256","page":0},"139_45_197_122":{"name":"139.45.197.122","type":"IP","page":1},"5a69b8ddefd5350f0fa6de114128687562ec3f82efadb5d7314a2b2e2e7a6b50":{"name":"5a69b8ddefd5350f0fa6de114128687562ec3f82efadb5d7314a2b2e2e7a6b50","type":"Cert_SHA256","page":0},"139_45_197_102":{"name":"139.45.197.102","type":"IP","page":1},"eb967fed430ccb355ca32952a7a77f05b81819b38731a40d8951498a0011c746":{"name":"eb967fed430ccb355ca32952a7a77f05b81819b38731a40d8951498a0011c746","type":"Cert_SHA256","page":0},"139_45_197_100":{"name":"139.45.197.100","type":"IP","page":-1},"3061ea603e7e90af93bac8fe0b667b1967bf56443e3decc53feba04b9f0a6560":{"name":"3061ea603e7e90af93bac8fe0b667b1967bf56443e3decc53feba04b9f0a6560","type":"Cert_SHA256","page":0},"139_45_197_107":{"name":"139.45.197.107","type":"IP","page":-1},"5fd7b2b3298b53054870edb1618a2d78a75d82be9a67a7300fe25d2e81182fec":{"name":"5fd7b2b3298b53054870edb1618a2d78a75d82be9a67a7300fe25d2e81182fec","type":"Cert_SHA256","page":0},"139_45_197_115":{"name":"139.45.197.115","type":"IP","page":0},"3d496fd28aa8c9aa02d1dde5d5e7c2dadf898a54e8ef00d48f24dc6840af7e61":{"name":"3d496fd28aa8c9aa02d1dde5d5e7c2dadf898a54e8ef00d48f24dc6840af7e61","type":"Cert_SHA256","page":0},"4a8c1f9cebf67401ac9d123fc3c6704c5e15f892f3d42d968827b829fd2e0b72":{"name":"4a8c1f9cebf67401ac9d123fc3c6704c5e15f892f3d42d968827b829fd2e0b72","type":"Cert_SHA256","page":0},"139_45_197_117":{"name":"139.45.197.117","type":"IP","page":0},"5fd7f92f8ed20347a7713d425fccb4957ce0f66a3216d04837527a6c71d1a60b":{"name":"5fd7f92f8ed20347a7713d425fccb4957ce0f66a3216d04837527a6c71d1a60b","type":"Cert_SHA256","page":0},"139_45_197_121":{"name":"139.45.197.121","type":"IP","page":0},"51a206de3ad8ff138959999162e86a7abf8397ae2d8321b60818b55581977928":{"name":"51a206de3ad8ff138959999162e86a7abf8397ae2d8321b60818b55581977928","type":"Cert_SHA256","page":0},"139_45_197_108":{"name":"139.45.197.108","type":"IP","page":1},"966dd4e5093c7d5b207fc51e507cd5b9ac8e122a632c874fedd13f83060211ef":{"name":"966dd4e5093c7d5b207fc51e507cd5b9ac8e122a632c874fedd13f83060211ef","type":"Cert_SHA256","page":0},"139_45_197_119":{"name":"139.45.197.119","type":"IP","page":0},"b5dccb362a3f30af56e8d74a6a00bbf185a1a334b7d8aaefb778f289e86110d0":{"name":"b5dccb362a3f30af56e8d74a6a00bbf185a1a334b7d8aaefb778f289e86110d0","type":"Cert_SHA256","page":0},"139_45_197_124":{"name":"139.45.197.124","type":"IP","page":0},"a6ac435f3b2a81510bb0b5df33d01b8ceb0b0f80c6530d2df1bd1bb7e56184fb":{"name":"a6ac435f3b2a81510bb0b5df33d01b8ceb0b0f80c6530d2df1bd1bb7e56184fb","type":"Cert_SHA256","page":0},"248ca7a5c6a7a757ff0977837fc62eb38f4de7844b5655373dd3d568ce45cead":{"name":"248ca7a5c6a7a757ff0977837fc62eb38f4de7844b5655373dd3d568ce45cead","type":"Cert_SHA256","page":0},"139_45_197_109":{"name":"139.45.197.109","type":"IP","page":-1},"139_45_197_105":{"name":"139.45.197.105","type":"IP","page":1},"f069826163af7d8408f5edc023d484cc5cb36d5fea5da509785a8819d91e8bb8":{"name":"f069826163af7d8408f5edc023d484cc5cb36d5fea5da509785a8819d91e8bb8","type":"Cert_SHA256","page":0},"139_45_197_97":{"name":"139.45.197.97","type":"IP","page":0},"dea341cf067f6af90db07b537b2f874e55456aa6683a11dfeb391e6e8cbfd4dc":{"name":"dea341cf067f6af90db07b537b2f874e55456aa6683a11dfeb391e6e8cbfd4dc","type":"Cert_SHA256","page":0},"573095aed8a219cf7f11eb3e15e8c4d878d0e7f3637180f77241bdb3e4c0ac09":{"name":"573095aed8a219cf7f11eb3e15e8c4d878d0e7f3637180f77241bdb3e4c0ac09","type":"Cert_SHA256","page":0},"1152d43d1744b574ed629eaa2570a0e0cecd955ffc68517229aeeda99a75bc7f":{"name":"1152d43d1744b574ed629eaa2570a0e0cecd955ffc68517229aeeda99a75bc7f","type":"Cert_SHA256","page":0},"31dde04a861352db3ceb6e6b1a1b2dbcf64740f311d111a1418c63311feca539":{"name":"31dde04a861352db3ceb6e6b1a1b2dbcf64740f311d111a1418c63311feca539","type":"Cert_SHA256","page":0},"0215d6c057b86282e380b6f55540ad5ccc69ee538cc44bf9317fdb6ef525fcca":{"name":"0215d6c057b86282e380b6f55540ad5ccc69ee538cc44bf9317fdb6ef525fcca","type":"Cert_SHA256","page":0},"139_45_197_101":{"name":"139.45.197.101","type":"IP","page":0},"9f8120a28abc931f19a5c05ba71b3f5b71923888f70c8c826169504462d105fe":{"name":"9f8120a28abc931f19a5c05ba71b3f5b71923888f70c8c826169504462d105fe","type":"Cert_SHA256","page":0},"4d038400fcdea85ef44656b19747f1fc47f1e97512e257d11475f03888c6edb8":{"name":"4d038400fcdea85ef44656b19747f1fc47f1e97512e257d11475f03888c6edb8","type":"Cert_SHA256","page":0},"139_45_197_112":{"name":"139.45.197.112","type":"IP","page":0},"206e0f5f5409064cd6de485dad9affefc793353893f88ef07e9400764c70d8f1":{"name":"206e0f5f5409064cd6de485dad9affefc793353893f88ef07e9400764c70d8f1","type":"Cert_SHA256","page":0},"c2013a6a7b67401724cf735dc83286d6af31ecf541ec32b0d64debd6dc375e16":{"name":"c2013a6a7b67401724cf735dc83286d6af31ecf541ec32b0d64debd6dc375e16","type":"Cert_SHA256","page":0},"a6681f9f04d83767c78e80f2f415f0e98957854692d0417ff35a1188fdf27e01":{"name":"a6681f9f04d83767c78e80f2f415f0e98957854692d0417ff35a1188fdf27e01","type":"Cert_SHA256","page":0},"139_45_197_125":{"name":"139.45.197.125","type":"IP","page":0},"9105bf2bd7d98a70a031762c25c98e8c7b7ca30fc96b1d88bff74b28c0dcfea9":{"name":"9105bf2bd7d98a70a031762c25c98e8c7b7ca30fc96b1d88bff74b28c0dcfea9","type":"Cert_SHA256","page":0},"139_45_197_96":{"name":"139.45.197.96","type":"IP","page":0},"d1adb8a702e81632218314cfcf74b0338f39342eaf7fefdd41d85c005e0117d3":{"name":"d1adb8a702e81632218314cfcf74b0338f39342eaf7fefdd41d85c005e0117d3","type":"Cert_SHA256","page":0},"139_45_197_110":{"name":"139.45.197.110","type":"IP","page":0},"7e7c13993c31fb27c8d73fc809ec3b4ccb2d19d3adcba56215814542fa2b3644":{"name":"7e7c13993c31fb27c8d73fc809ec3b4ccb2d19d3adcba56215814542fa2b3644","type":"Cert_SHA256","page":0},"4ba5cc2f3ee854bd78baa955730ee0b61631f339fd1c0156cc983a8978d24fea":{"name":"4ba5cc2f3ee854bd78baa955730ee0b61631f339fd1c0156cc983a8978d24fea","type":"Cert_SHA256","page":0},"139_45_197_120":{"name":"139.45.197.120","type":"IP","page":0},"3c0c5ed18ca0e65f14d52c0502279aaefe5a054d0603b974109b7e904c993114":{"name":"3c0c5ed18ca0e65f14d52c0502279aaefe5a054d0603b974109b7e904c993114","type":"Cert_SHA256","page":0},"4bc683b4c71e636b3dcbded3a6d49ef1a7845b56939f47c745a13d37c8403722":{"name":"4bc683b4c71e636b3dcbded3a6d49ef1a7845b56939f47c745a13d37c8403722","type":"Cert_SHA256","page":0},"4982884472934656d066ef12597403f86ad9a8e61b5da917034d01a92af93674":{"name":"4982884472934656d066ef12597403f86ad9a8e61b5da917034d01a92af93674","type":"Cert_SHA256","page":0},"vounoany_net":{"name":"vounoany.net","type":"Domain","page":0},"psoutcho_com":{"name":"psoutcho.com","type":"Domain","page":0},"phoufawo_com":{"name":"phoufawo.com","type":"Domain","page":0},"shoutsop_com":{"name":"shoutsop.com","type":"Domain","page":0},"saikeela_net":{"name":"saikeela.net","type":"Domain","page":0},"dooptoug_net":{"name":"dooptoug.net","type":"Domain","page":0},"neltoole_net":{"name":"neltoole.net","type":"Domain","page":0},"gakseeft_com":{"name":"gakseeft.com","type":"Domain","page":0},"ugoupams_com":{"name":"ugoupams.com","type":"Domain","page":0},"whautsel_net":{"name":"whautsel.net","type":"Domain","page":0},"whusebsu_com":{"name":"whusebsu.com","type":"Domain","page":0},"groobsoo_com":{"name":"groobsoo.com","type":"Domain","page":0},"wacucmiy_net":{"name":"wacucmiy.net","type":"Domain","page":0},"zaijacho_net":{"name":"zaijacho.net","type":"Domain","page":0},"toonikab_com":{"name":"toonikab.com","type":"Domain","page":0},"zijaipse_com":{"name":"zijaipse.com","type":"Domain","page":0},"stunsoos_com":{"name":"stunsoos.com","type":"Domain","page":0},"grathizi_com":{"name":"grathizi.com","type":"Domain","page":0},"cheewait_net":{"name":"cheewait.net","type":"Domain","page":0},"nouseeth_com":{"name":"nouseeth.com","type":"Domain","page":0},"oushenoo_net":{"name":"oushenoo.net","type":"Domain","page":0},"gloalrie_com":{"name":"gloalrie.com","type":"Domain","page":0},"gobaiwhe_net":{"name":"gobaiwhe.net","type":"Domain","page":0},"koutobey_net":{"name":"koutobey.net","type":"Domain","page":0},"thompirs_com":{"name":"thompirs.com","type":"Domain","page":0},"oshaugre_com":{"name":"oshaugre.com","type":"Domain","page":0},"tooptauy_net":{"name":"tooptauy.net","type":"Domain","page":0},"cifaumsy_net":{"name":"cifaumsy.net","type":"Domain","page":0},"laibutho_com":{"name":"laibutho.com","type":"Domain","page":0},"chubaugn_com":{"name":"chubaugn.com","type":"Domain","page":0},"staimpor_net":{"name":"staimpor.net","type":"Domain","page":0},"augnuxun_net":{"name":"augnuxun.net","type":"Domain","page":0},"bushoagh_com":{"name":"bushoagh.com","type":"Domain","page":0},"grexoacu_com":{"name":"grexoacu.com","type":"Domain","page":0},"kaucoogi_com":{"name":"kaucoogi.com","type":"Domain","page":0},"stoassod_com":{"name":"stoassod.com","type":"Domain","page":0},"wahamtou_net":{"name":"wahamtou.net","type":"Domain","page":0},"jistaumt_com":{"name":"jistaumt.com","type":"Domain","page":0},"thookour_com":{"name":"thookour.com","type":"Domain","page":0},"nesoaghu_net":{"name":"nesoaghu.net","type":"Domain","page":0},"grooksom_com":{"name":"grooksom.com","type":"Domain","page":0},"dalrekso_net":{"name":"dalrekso.net","type":"Domain","page":0},"culreelt_com":{"name":"culreelt.com","type":"Domain","page":0},"gleebsex_net":{"name":"gleebsex.net","type":"Domain","page":0},"booraipa_com":{"name":"booraipa.com","type":"Domain","page":0},"aughukoo_com":{"name":"aughukoo.com","type":"Domain","page":0},"gogoartu_net":{"name":"gogoartu.net","type":"Domain","page":0},"sersoola_com":{"name":"sersoola.com","type":"Domain","page":0},"edoutoam_net":{"name":"edoutoam.net","type":"Domain","page":0},"moapteeg_net":{"name":"moapteeg.net","type":"Domain","page":0},"mikrairs_com":{"name":"mikrairs.com","type":"Domain","page":0},"glomseci_com":{"name":"glomseci.com","type":"Domain","page":0},"beewanuk_net":{"name":"beewanuk.net","type":"Domain","page":0},"bodaimen_com":{"name":"bodaimen.com","type":"Domain","page":0},"ethethoa_net":{"name":"ethethoa.net","type":"Domain","page":0},"oompilsa_com":{"name":"oompilsa.com","type":"Domain","page":0},"mopsaups_net":{"name":"mopsaups.net","type":"Domain","page":0},"esauwoan_com":{"name":"esauwoan.com","type":"Domain","page":0},"mauzobou_net":{"name":"mauzobou.net","type":"Domain","page":0},"soalouve_com":{"name":"soalouve.com","type":"Domain","page":0},"japsulsa_com":{"name":"japsulsa.com","type":"Domain","page":0}},"links":{"thautsie.net_139.45.197.106":{"id":"thautsie.net_139.45.197.106","relation":"r_dns_a","source":"thautsie.net","target":"139.45.197.106"},"graivaik.com_139.45.197.106":{"id":"graivaik.com_139.45.197.106","relation":"r_dns_a","source":"graivaik.com","target":"139.45.197.106"},"chilromy.net_139.45.197.106":{"id":"chilromy.net_139.45.197.106","relation":"r_dns_a","source":"chilromy.net","target":"139.45.197.106"},"thautsie.net_139.45.197.88":{"id":"thautsie.net_139.45.197.88","relation":"r_dns_a","source":"thautsie.net","target":"139.45.197.88"},"thautsie.net_4cf29cb7f1029d9b0af3c71733cee55cb099229c1561225c1df6f8b5ed3533a3":{"id":"thautsie.net_4cf29cb7f1029d9b0af3c71733cee55cb099229c1561225c1df6f8b5ed3533a3","relation":"r_cert","source":"thautsie.net","target":"4cf29cb7f1029d9b0af3c71733cee55cb099229c1561225c1df6f8b5ed3533a3"},"graivaik.com_139.45.197.78":{"id":"graivaik.com_139.45.197.78","relation":"r_dns_a","source":"graivaik.com","target":"139.45.197.78"},"graivaik.com_3318851175a1c6ea26a1f9218c6624014dc460b7116342ca0e84d5b647c17bcf":{"id":"graivaik.com_3318851175a1c6ea26a1f9218c6624014dc460b7116342ca0e84d5b647c17bcf","relation":"r_cert","source":"graivaik.com","target":"3318851175a1c6ea26a1f9218c6624014dc460b7116342ca0e84d5b647c17bcf"},"chilromy.net_139.45.197.79":{"id":"chilromy.net_139.45.197.79","relation":"r_dns_a","source":"chilromy.net","target":"139.45.197.79"},"chilromy.net_67fc2e640637e3dcaab49c8bf84fedd5e6814bae6e25de56ba409c4c6b42fb41":{"id":"chilromy.net_67fc2e640637e3dcaab49c8bf84fedd5e6814bae6e25de56ba409c4c6b42fb41","relation":"r_cert","source":"chilromy.net","target":"67fc2e640637e3dcaab49c8bf84fedd5e6814bae6e25de56ba409c4c6b42fb41"},"139.45.197.106_139.45.197.0/24":{"id":"139.45.197.106_139.45.197.0/24","relation":"r_cidr","source":"139.45.197.106","target":"139.45.197.0/24"},"steckoap.net_139.45.197.106":{"id":"steckoap.net_139.45.197.106","relation":"r_dns_a","source":"steckoap.net","target":"139.45.197.106"},"foazasis.com_139.45.197.106":{"id":"foazasis.com_139.45.197.106","relation":"r_dns_a","source":"foazasis.com","target":"139.45.197.106"},"gloussuz.com_139.45.197.106":{"id":"gloussuz.com_139.45.197.106","relation":"r_dns_a","source":"gloussuz.com","target":"139.45.197.106"},"othoarul.com_139.45.197.106":{"id":"othoarul.com_139.45.197.106","relation":"r_dns_a","source":"othoarul.com","target":"139.45.197.106"},"heefaith.net_139.45.197.106":{"id":"heefaith.net_139.45.197.106","relation":"r_dns_a","source":"heefaith.net","target":"139.45.197.106"},"stoowhom.net_139.45.197.106":{"id":"stoowhom.net_139.45.197.106","relation":"r_dns_a","source":"stoowhom.net","target":"139.45.197.106"},"ooxoatse.com_139.45.197.106":{"id":"ooxoatse.com_139.45.197.106","relation":"r_dns_a","source":"ooxoatse.com","target":"139.45.197.106"},"bathibsa.com_139.45.197.106":{"id":"bathibsa.com_139.45.197.106","relation":"r_dns_a","source":"bathibsa.com","target":"139.45.197.106"},"oujouniw.com_139.45.197.106":{"id":"oujouniw.com_139.45.197.106","relation":"r_dns_a","source":"oujouniw.com","target":"139.45.197.106"},"whoshood.com_139.45.197.106":{"id":"whoshood.com_139.45.197.106","relation":"r_dns_a","source":"whoshood.com","target":"139.45.197.106"},"gletaums.net_139.45.197.106":{"id":"gletaums.net_139.45.197.106","relation":"r_dns_a","source":"gletaums.net","target":"139.45.197.106"},"aukrouwy.net_139.45.197.106":{"id":"aukrouwy.net_139.45.197.106","relation":"r_dns_a","source":"aukrouwy.net","target":"139.45.197.106"},"ouftukoo.net_139.45.197.106":{"id":"ouftukoo.net_139.45.197.106","relation":"r_dns_a","source":"ouftukoo.net","target":"139.45.197.106"},"neesupee.com_139.45.197.106":{"id":"neesupee.com_139.45.197.106","relation":"r_dns_a","source":"neesupee.com","target":"139.45.197.106"},"vashoaft.net_139.45.197.106":{"id":"vashoaft.net_139.45.197.106","relation":"r_dns_a","source":"vashoaft.net","target":"139.45.197.106"},"139.45.197.106_AS9002":{"id":"139.45.197.106_AS9002","relation":"r_asn","source":"139.45.197.106","target":"AS9002"},"139.45.197.88_139.45.197.0/24":{"id":"139.45.197.88_139.45.197.0/24","relation":"r_cidr","source":"139.45.197.88","target":"139.45.197.0/24"},"oochaurt.com_139.45.197.88":{"id":"oochaurt.com_139.45.197.88","relation":"r_dns_a","source":"oochaurt.com","target":"139.45.197.88"},"stoashou.net_139.45.197.88":{"id":"stoashou.net_139.45.197.88","relation":"r_dns_a","source":"stoashou.net","target":"139.45.197.88"},"kizoweet.com_139.45.197.88":{"id":"kizoweet.com_139.45.197.88","relation":"r_dns_a","source":"kizoweet.com","target":"139.45.197.88"},"upsoozoa.net_139.45.197.88":{"id":"upsoozoa.net_139.45.197.88","relation":"r_dns_a","source":"upsoozoa.net","target":"139.45.197.88"},"couhepoa.net_139.45.197.88":{"id":"couhepoa.net_139.45.197.88","relation":"r_dns_a","source":"couhepoa.net","target":"139.45.197.88"},"tauchaus.com_139.45.197.88":{"id":"tauchaus.com_139.45.197.88","relation":"r_dns_a","source":"tauchaus.com","target":"139.45.197.88"},"naishuhe.net_139.45.197.88":{"id":"naishuhe.net_139.45.197.88","relation":"r_dns_a","source":"naishuhe.net","target":"139.45.197.88"},"imounsos.com_139.45.197.88":{"id":"imounsos.com_139.45.197.88","relation":"r_dns_a","source":"imounsos.com","target":"139.45.197.88"},"soazooge.com_139.45.197.88":{"id":"soazooge.com_139.45.197.88","relation":"r_dns_a","source":"soazooge.com","target":"139.45.197.88"},"whoshood.com_139.45.197.88":{"id":"whoshood.com_139.45.197.88","relation":"r_dns_a","source":"whoshood.com","target":"139.45.197.88"},"atoultou.com_139.45.197.88":{"id":"atoultou.com_139.45.197.88","relation":"r_dns_a","source":"atoultou.com","target":"139.45.197.88"},"duxumpou.com_139.45.197.88":{"id":"duxumpou.com_139.45.197.88","relation":"r_dns_a","source":"duxumpou.com","target":"139.45.197.88"},"hoosorie.com_139.45.197.88":{"id":"hoosorie.com_139.45.197.88","relation":"r_dns_a","source":"hoosorie.com","target":"139.45.197.88"},"poudeeri.com_139.45.197.88":{"id":"poudeeri.com_139.45.197.88","relation":"r_dns_a","source":"poudeeri.com","target":"139.45.197.88"},"zudrurta.com_139.45.197.88":{"id":"zudrurta.com_139.45.197.88","relation":"r_dns_a","source":"zudrurta.com","target":"139.45.197.88"},"grirault.net_139.45.197.88":{"id":"grirault.net_139.45.197.88","relation":"r_dns_a","source":"grirault.net","target":"139.45.197.88"},"cerizoug.net_139.45.197.88":{"id":"cerizoug.net_139.45.197.88","relation":"r_dns_a","source":"cerizoug.net","target":"139.45.197.88"},"ouftukoo.net_139.45.197.88":{"id":"ouftukoo.net_139.45.197.88","relation":"r_dns_a","source":"ouftukoo.net","target":"139.45.197.88"},"139.45.197.78_139.45.197.0/24":{"id":"139.45.197.78_139.45.197.0/24","relation":"r_cidr","source":"139.45.197.78","target":"139.45.197.0/24"},"gromairt.net_139.45.197.78":{"id":"gromairt.net_139.45.197.78","relation":"r_dns_a","source":"gromairt.net","target":"139.45.197.78"},"koowaido.net_139.45.197.78":{"id":"koowaido.net_139.45.197.78","relation":"r_dns_a","source":"koowaido.net","target":"139.45.197.78"},"keepaira.net_139.45.197.78":{"id":"keepaira.net_139.45.197.78","relation":"r_dns_a","source":"keepaira.net","target":"139.45.197.78"},"foazasis.com_139.45.197.78":{"id":"foazasis.com_139.45.197.78","relation":"r_dns_a","source":"foazasis.com","target":"139.45.197.78"},"moowouzy.net_139.45.197.78":{"id":"moowouzy.net_139.45.197.78","relation":"r_dns_a","source":"moowouzy.net","target":"139.45.197.78"},"roaptoub.com_139.45.197.78":{"id":"roaptoub.com_139.45.197.78","relation":"r_dns_a","source":"roaptoub.com","target":"139.45.197.78"},"noateeva.com_139.45.197.78":{"id":"noateeva.com_139.45.197.78","relation":"r_dns_a","source":"noateeva.com","target":"139.45.197.78"},"booceemu.com_139.45.197.78":{"id":"booceemu.com_139.45.197.78","relation":"r_dns_a","source":"booceemu.com","target":"139.45.197.78"},"nouwaiky.net_139.45.197.78":{"id":"nouwaiky.net_139.45.197.78","relation":"r_dns_a","source":"nouwaiky.net","target":"139.45.197.78"},"paiptoaz.com_139.45.197.78":{"id":"paiptoaz.com_139.45.197.78","relation":"r_dns_a","source":"paiptoaz.com","target":"139.45.197.78"},"jaiwuzoo.net_139.45.197.78":{"id":"jaiwuzoo.net_139.45.197.78","relation":"r_dns_a","source":"jaiwuzoo.net","target":"139.45.197.78"},"aissores.com_139.45.197.78":{"id":"aissores.com_139.45.197.78","relation":"r_dns_a","source":"aissores.com","target":"139.45.197.78"},"lizautie.net_139.45.197.78":{"id":"lizautie.net_139.45.197.78","relation":"r_dns_a","source":"lizautie.net","target":"139.45.197.78"},"ophoahik.net_139.45.197.78":{"id":"ophoahik.net_139.45.197.78","relation":"r_dns_a","source":"ophoahik.net","target":"139.45.197.78"},"zaugroaw.net_139.45.197.78":{"id":"zaugroaw.net_139.45.197.78","relation":"r_dns_a","source":"zaugroaw.net","target":"139.45.197.78"},"boudougu.com_139.45.197.78":{"id":"boudougu.com_139.45.197.78","relation":"r_dns_a","source":"boudougu.com","target":"139.45.197.78"},"pteefoak.com_139.45.197.78":{"id":"pteefoak.com_139.45.197.78","relation":"r_dns_a","source":"pteefoak.com","target":"139.45.197.78"},"139.45.197.78_AS9002":{"id":"139.45.197.78_AS9002","relation":"r_asn","source":"139.45.197.78","target":"AS9002"},"139.45.197.79_139.45.197.0/24":{"id":"139.45.197.79_139.45.197.0/24","relation":"r_cidr","source":"139.45.197.79","target":"139.45.197.0/24"},"psoptopi.com_139.45.197.79":{"id":"psoptopi.com_139.45.197.79","relation":"r_dns_a","source":"psoptopi.com","target":"139.45.197.79"},"gloumtol.net_139.45.197.79":{"id":"gloumtol.net_139.45.197.79","relation":"r_dns_a","source":"gloumtol.net","target":"139.45.197.79"},"wultaikr.net_139.45.197.79":{"id":"wultaikr.net_139.45.197.79","relation":"r_dns_a","source":"wultaikr.net","target":"139.45.197.79"},"phaimtol.net_139.45.197.79":{"id":"phaimtol.net_139.45.197.79","relation":"r_dns_a","source":"phaimtol.net","target":"139.45.197.79"},"raiphupi.com_139.45.197.79":{"id":"raiphupi.com_139.45.197.79","relation":"r_dns_a","source":"raiphupi.com","target":"139.45.197.79"},"kaicoomy.net_139.45.197.79":{"id":"kaicoomy.net_139.45.197.79","relation":"r_dns_a","source":"kaicoomy.net","target":"139.45.197.79"},"phaickan.com_139.45.197.79":{"id":"phaickan.com_139.45.197.79","relation":"r_dns_a","source":"phaickan.com","target":"139.45.197.79"},"pteemtis.net_139.45.197.79":{"id":"pteemtis.net_139.45.197.79","relation":"r_dns_a","source":"pteemtis.net","target":"139.45.197.79"},"feemusta.com_139.45.197.79":{"id":"feemusta.com_139.45.197.79","relation":"r_dns_a","source":"feemusta.com","target":"139.45.197.79"},"kuksebel.com_139.45.197.79":{"id":"kuksebel.com_139.45.197.79","relation":"r_dns_a","source":"kuksebel.com","target":"139.45.197.79"},"ratoumsy.com_139.45.197.79":{"id":"ratoumsy.com_139.45.197.79","relation":"r_dns_a","source":"ratoumsy.com","target":"139.45.197.79"},"iglaique.net_139.45.197.79":{"id":"iglaique.net_139.45.197.79","relation":"r_dns_a","source":"iglaique.net","target":"139.45.197.79"},"noagloot.net_139.45.197.79":{"id":"noagloot.net_139.45.197.79","relation":"r_dns_a","source":"noagloot.net","target":"139.45.197.79"},"liwhetsu.com_139.45.197.79":{"id":"liwhetsu.com_139.45.197.79","relation":"r_dns_a","source":"liwhetsu.com","target":"139.45.197.79"},"boubeeth.com_139.45.197.79":{"id":"boubeeth.com_139.45.197.79","relation":"r_dns_a","source":"boubeeth.com","target":"139.45.197.79"},"aujaujoa.net_139.45.197.79":{"id":"aujaujoa.net_139.45.197.79","relation":"r_dns_a","source":"aujaujoa.net","target":"139.45.197.79"},"toapsira.net_139.45.197.79":{"id":"toapsira.net_139.45.197.79","relation":"r_dns_a","source":"toapsira.net","target":"139.45.197.79"},"foavistu.net_139.45.197.79":{"id":"foavistu.net_139.45.197.79","relation":"r_dns_a","source":"foavistu.net","target":"139.45.197.79"},"othoarul.com_139.45.197.84":{"id":"othoarul.com_139.45.197.84","relation":"r_dns_a","source":"othoarul.com","target":"139.45.197.84"},"othoarul.com_de1e7abcf86e90bbc7a30cfd2b6e1c5ef1aa81eb4e0da3e610cfb5544fa04726":{"id":"othoarul.com_de1e7abcf86e90bbc7a30cfd2b6e1c5ef1aa81eb4e0da3e610cfb5544fa04726","relation":"r_cert","source":"othoarul.com","target":"de1e7abcf86e90bbc7a30cfd2b6e1c5ef1aa81eb4e0da3e610cfb5544fa04726"},"4cf29cb7f1029d9b0af3c71733cee55cb099229c1561225c1df6f8b5ed3533a3_e446c5e9dbef9d09ac9f7027c034602492437a05ff6c40011d7235fca639c79a":{"id":"4cf29cb7f1029d9b0af3c71733cee55cb099229c1561225c1df6f8b5ed3533a3_e446c5e9dbef9d09ac9f7027c034602492437a05ff6c40011d7235fca639c79a","relation":"r_certchain","source":"4cf29cb7f1029d9b0af3c71733cee55cb099229c1561225c1df6f8b5ed3533a3","target":"e446c5e9dbef9d09ac9f7027c034602492437a05ff6c40011d7235fca639c79a"},"3318851175a1c6ea26a1f9218c6624014dc460b7116342ca0e84d5b647c17bcf_e446c5e9dbef9d09ac9f7027c034602492437a05ff6c40011d7235fca639c79a":{"id":"3318851175a1c6ea26a1f9218c6624014dc460b7116342ca0e84d5b647c17bcf_e446c5e9dbef9d09ac9f7027c034602492437a05ff6c40011d7235fca639c79a","relation":"r_certchain","source":"3318851175a1c6ea26a1f9218c6624014dc460b7116342ca0e84d5b647c17bcf","target":"e446c5e9dbef9d09ac9f7027c034602492437a05ff6c40011d7235fca639c79a"},"67fc2e640637e3dcaab49c8bf84fedd5e6814bae6e25de56ba409c4c6b42fb41_e446c5e9dbef9d09ac9f7027c034602492437a05ff6c40011d7235fca639c79a":{"id":"67fc2e640637e3dcaab49c8bf84fedd5e6814bae6e25de56ba409c4c6b42fb41_e446c5e9dbef9d09ac9f7027c034602492437a05ff6c40011d7235fca639c79a","relation":"r_certchain","source":"67fc2e640637e3dcaab49c8bf84fedd5e6814bae6e25de56ba409c4c6b42fb41","target":"e446c5e9dbef9d09ac9f7027c034602492437a05ff6c40011d7235fca639c79a"},"de1e7abcf86e90bbc7a30cfd2b6e1c5ef1aa81eb4e0da3e610cfb5544fa04726_e446c5e9dbef9d09ac9f7027c034602492437a05ff6c40011d7235fca639c79a":{"id":"de1e7abcf86e90bbc7a30cfd2b6e1c5ef1aa81eb4e0da3e610cfb5544fa04726_e446c5e9dbef9d09ac9f7027c034602492437a05ff6c40011d7235fca639c79a","relation":"r_certchain","source":"de1e7abcf86e90bbc7a30cfd2b6e1c5ef1aa81eb4e0da3e610cfb5544fa04726","target":"e446c5e9dbef9d09ac9f7027c034602492437a05ff6c40011d7235fca639c79a"},"steckoap.net_139.45.197.74":{"id":"steckoap.net_139.45.197.74","relation":"r_dns_a","source":"steckoap.net","target":"139.45.197.74"},"steckoap.net_db03df8112f3ba32309d0e835949562464774a7331715eab96ca7a6554f5b125":{"id":"steckoap.net_db03df8112f3ba32309d0e835949562464774a7331715eab96ca7a6554f5b125","relation":"r_cert","source":"steckoap.net","target":"db03df8112f3ba32309d0e835949562464774a7331715eab96ca7a6554f5b125"},"gloussuz.com_139.45.197.85":{"id":"gloussuz.com_139.45.197.85","relation":"r_dns_a","source":"gloussuz.com","target":"139.45.197.85"},"heefaith.net_139.45.197.73":{"id":"heefaith.net_139.45.197.73","relation":"r_dns_a","source":"heefaith.net","target":"139.45.197.73"},"heefaith.net_6ea7656079d1fe4879aa46c11f051f7b627ec31c2032e9a9e8409aee1905d6c6":{"id":"heefaith.net_6ea7656079d1fe4879aa46c11f051f7b627ec31c2032e9a9e8409aee1905d6c6","relation":"r_cert","source":"heefaith.net","target":"6ea7656079d1fe4879aa46c11f051f7b627ec31c2032e9a9e8409aee1905d6c6"},"stoowhom.net_139.45.197.86":{"id":"stoowhom.net_139.45.197.86","relation":"r_dns_a","source":"stoowhom.net","target":"139.45.197.86"},"stoowhom.net_74413b095e60c4ce5b48423e0df090faee2fad69d4f521fa84db953ff9fbc0a2":{"id":"stoowhom.net_74413b095e60c4ce5b48423e0df090faee2fad69d4f521fa84db953ff9fbc0a2","relation":"r_cert","source":"stoowhom.net","target":"74413b095e60c4ce5b48423e0df090faee2fad69d4f521fa84db953ff9fbc0a2"},"ooxoatse.com_139.45.197.80":{"id":"ooxoatse.com_139.45.197.80","relation":"r_dns_a","source":"ooxoatse.com","target":"139.45.197.80"},"ooxoatse.com_1d8d2a6568dc42b0d0f9d30a983b431d762fe3a7338c3d588a9336e35f561315":{"id":"ooxoatse.com_1d8d2a6568dc42b0d0f9d30a983b431d762fe3a7338c3d588a9336e35f561315","relation":"r_cert","source":"ooxoatse.com","target":"1d8d2a6568dc42b0d0f9d30a983b431d762fe3a7338c3d588a9336e35f561315"},"bathibsa.com_139.45.197.76":{"id":"bathibsa.com_139.45.197.76","relation":"r_dns_a","source":"bathibsa.com","target":"139.45.197.76"},"bathibsa.com_3afa6eb1fe12d493622d30d54c84bd95589c3c6c8fe9a12faee923d7c9e5acf6":{"id":"bathibsa.com_3afa6eb1fe12d493622d30d54c84bd95589c3c6c8fe9a12faee923d7c9e5acf6","relation":"r_cert","source":"bathibsa.com","target":"3afa6eb1fe12d493622d30d54c84bd95589c3c6c8fe9a12faee923d7c9e5acf6"},"oujouniw.com_139.45.197.70":{"id":"oujouniw.com_139.45.197.70","relation":"r_dns_a","source":"oujouniw.com","target":"139.45.197.70"},"oujouniw.com_6b2626ec16fd07f35680e3ffd1da6e4d6aab7fc3ebe6d183228a893ce8164b99":{"id":"oujouniw.com_6b2626ec16fd07f35680e3ffd1da6e4d6aab7fc3ebe6d183228a893ce8164b99","relation":"r_cert","source":"oujouniw.com","target":"6b2626ec16fd07f35680e3ffd1da6e4d6aab7fc3ebe6d183228a893ce8164b99"},"whoshood.com_0ab5d8fe3e2f4bf4824eb5b9e2adaefd6c7f85be734042afd7227759ff9e70d8":{"id":"whoshood.com_0ab5d8fe3e2f4bf4824eb5b9e2adaefd6c7f85be734042afd7227759ff9e70d8","relation":"r_cert","source":"whoshood.com","target":"0ab5d8fe3e2f4bf4824eb5b9e2adaefd6c7f85be734042afd7227759ff9e70d8"},"gletaums.net_139.45.197.85":{"id":"gletaums.net_139.45.197.85","relation":"r_dns_a","source":"gletaums.net","target":"139.45.197.85"},"gletaums.net_7baa0361656d8ff2f49ddbdf450774247b79dc8b64b82c5b7674bd39093f8130":{"id":"gletaums.net_7baa0361656d8ff2f49ddbdf450774247b79dc8b64b82c5b7674bd39093f8130","relation":"r_cert","source":"gletaums.net","target":"7baa0361656d8ff2f49ddbdf450774247b79dc8b64b82c5b7674bd39093f8130"},"mimpiphy.net_139.45.197.79":{"id":"mimpiphy.net_139.45.197.79","relation":"r_dns_a","source":"mimpiphy.net","target":"139.45.197.79"},"greemeek.net_139.45.197.79":{"id":"greemeek.net_139.45.197.79","relation":"r_dns_a","source":"greemeek.net","target":"139.45.197.79"},"shitiphu.com_139.45.197.79":{"id":"shitiphu.com_139.45.197.79","relation":"r_dns_a","source":"shitiphu.com","target":"139.45.197.79"},"139.45.197.79_AS9002":{"id":"139.45.197.79_AS9002","relation":"r_asn","source":"139.45.197.79","target":"AS9002"},"139.45.197.88_AS9002":{"id":"139.45.197.88_AS9002","relation":"r_asn","source":"139.45.197.88","target":"AS9002"},"139.45.197.84_139.45.197.0/24":{"id":"139.45.197.84_139.45.197.0/24","relation":"r_cidr","source":"139.45.197.84","target":"139.45.197.0/24"},"zuphekry.net_139.45.197.84":{"id":"zuphekry.net_139.45.197.84","relation":"r_dns_a","source":"zuphekry.net","target":"139.45.197.84"},"justookr.net_139.45.197.84":{"id":"justookr.net_139.45.197.84","relation":"r_dns_a","source":"justookr.net","target":"139.45.197.84"},"ourauhoa.net_139.45.197.84":{"id":"ourauhoa.net_139.45.197.84","relation":"r_dns_a","source":"ourauhoa.net","target":"139.45.197.84"},"grergoch.net_139.45.197.84":{"id":"grergoch.net_139.45.197.84","relation":"r_dns_a","source":"grergoch.net","target":"139.45.197.84"},"shiptoud.com_139.45.197.84":{"id":"shiptoud.com_139.45.197.84","relation":"r_dns_a","source":"shiptoud.com","target":"139.45.197.84"},"virashux.net_139.45.197.84":{"id":"virashux.net_139.45.197.84","relation":"r_dns_a","source":"virashux.net","target":"139.45.197.84"},"acootaul.net_139.45.197.84":{"id":"acootaul.net_139.45.197.84","relation":"r_dns_a","source":"acootaul.net","target":"139.45.197.84"},"fofipsie.net_139.45.197.84":{"id":"fofipsie.net_139.45.197.84","relation":"r_dns_a","source":"fofipsie.net","target":"139.45.197.84"},"joorejou.net_139.45.197.84":{"id":"joorejou.net_139.45.197.84","relation":"r_dns_a","source":"joorejou.net","target":"139.45.197.84"},"ptaughar.com_139.45.197.84":{"id":"ptaughar.com_139.45.197.84","relation":"r_dns_a","source":"ptaughar.com","target":"139.45.197.84"},"caustouy.net_139.45.197.84":{"id":"caustouy.net_139.45.197.84","relation":"r_dns_a","source":"caustouy.net","target":"139.45.197.84"},"neewoapi.com_139.45.197.84":{"id":"neewoapi.com_139.45.197.84","relation":"r_dns_a","source":"neewoapi.com","target":"139.45.197.84"},"139.45.197.84_AS9002":{"id":"139.45.197.84_AS9002","relation":"r_asn","source":"139.45.197.84","target":"AS9002"},"139.45.197.74_139.45.197.0/24":{"id":"139.45.197.74_139.45.197.0/24","relation":"r_cidr","source":"139.45.197.74","target":"139.45.197.0/24"},"baubogla.com_139.45.197.74":{"id":"baubogla.com_139.45.197.74","relation":"r_dns_a","source":"baubogla.com","target":"139.45.197.74"},"sangogne.com_139.45.197.74":{"id":"sangogne.com_139.45.197.74","relation":"r_dns_a","source":"sangogne.com","target":"139.45.197.74"},"sutchart.net_139.45.197.74":{"id":"sutchart.net_139.45.197.74","relation":"r_dns_a","source":"sutchart.net","target":"139.45.197.74"},"phiptams.net_139.45.197.74":{"id":"phiptams.net_139.45.197.74","relation":"r_dns_a","source":"phiptams.net","target":"139.45.197.74"},"vudoutch.com_139.45.197.74":{"id":"vudoutch.com_139.45.197.74","relation":"r_dns_a","source":"vudoutch.com","target":"139.45.197.74"},"phaulrun.com_139.45.197.74":{"id":"phaulrun.com_139.45.197.74","relation":"r_dns_a","source":"phaulrun.com","target":"139.45.197.74"},"thaihats.net_139.45.197.74":{"id":"thaihats.net_139.45.197.74","relation":"r_dns_a","source":"thaihats.net","target":"139.45.197.74"},"hounicuy.com_139.45.197.74":{"id":"hounicuy.com_139.45.197.74","relation":"r_dns_a","source":"hounicuy.com","target":"139.45.197.74"},"loaphour.com_139.45.197.74":{"id":"loaphour.com_139.45.197.74","relation":"r_dns_a","source":"loaphour.com","target":"139.45.197.74"},"staulrut.net_139.45.197.74":{"id":"staulrut.net_139.45.197.74","relation":"r_dns_a","source":"staulrut.net","target":"139.45.197.74"},"neesoape.com_139.45.197.74":{"id":"neesoape.com_139.45.197.74","relation":"r_dns_a","source":"neesoape.com","target":"139.45.197.74"},"zoaheeth.com_139.45.197.74":{"id":"zoaheeth.com_139.45.197.74","relation":"r_dns_a","source":"zoaheeth.com","target":"139.45.197.74"},"139.45.197.74_AS9002":{"id":"139.45.197.74_AS9002","relation":"r_asn","source":"139.45.197.74","target":"AS9002"},"139.45.197.85_139.45.197.0/24":{"id":"139.45.197.85_139.45.197.0/24","relation":"r_cidr","source":"139.45.197.85","target":"139.45.197.0/24"},"glishais.net_139.45.197.85":{"id":"glishais.net_139.45.197.85","relation":"r_dns_a","source":"glishais.net","target":"139.45.197.85"},"oacautoh.net_139.45.197.85":{"id":"oacautoh.net_139.45.197.85","relation":"r_dns_a","source":"oacautoh.net","target":"139.45.197.85"},"owowoaty.com_139.45.197.85":{"id":"owowoaty.com_139.45.197.85","relation":"r_dns_a","source":"owowoaty.com","target":"139.45.197.85"},"thiltimt.com_139.45.197.85":{"id":"thiltimt.com_139.45.197.85","relation":"r_dns_a","source":"thiltimt.com","target":"139.45.197.85"},"ugaupeex.net_139.45.197.85":{"id":"ugaupeex.net_139.45.197.85","relation":"r_dns_a","source":"ugaupeex.net","target":"139.45.197.85"},"jaugloup.com_139.45.197.85":{"id":"jaugloup.com_139.45.197.85","relation":"r_dns_a","source":"jaugloup.com","target":"139.45.197.85"},"ptaivain.net_139.45.197.85":{"id":"ptaivain.net_139.45.197.85","relation":"r_dns_a","source":"ptaivain.net","target":"139.45.197.85"},"pagnookr.net_139.45.197.85":{"id":"pagnookr.net_139.45.197.85","relation":"r_dns_a","source":"pagnookr.net","target":"139.45.197.85"},"wauthaum.com_139.45.197.85":{"id":"wauthaum.com_139.45.197.85","relation":"r_dns_a","source":"wauthaum.com","target":"139.45.197.85"},"psaukrik.net_139.45.197.85":{"id":"psaukrik.net_139.45.197.85","relation":"r_dns_a","source":"psaukrik.net","target":"139.45.197.85"},"purdewee.net_139.45.197.85":{"id":"purdewee.net_139.45.197.85","relation":"r_dns_a","source":"purdewee.net","target":"139.45.197.85"},"glookroz.net_139.45.197.85":{"id":"glookroz.net_139.45.197.85","relation":"r_dns_a","source":"glookroz.net","target":"139.45.197.85"},"pharougn.com_139.45.197.85":{"id":"pharougn.com_139.45.197.85","relation":"r_dns_a","source":"pharougn.com","target":"139.45.197.85"},"airsoubs.com_139.45.197.85":{"id":"airsoubs.com_139.45.197.85","relation":"r_dns_a","source":"airsoubs.com","target":"139.45.197.85"},"139.45.197.85_AS9002":{"id":"139.45.197.85_AS9002","relation":"r_asn","source":"139.45.197.85","target":"AS9002"},"139.45.197.73_139.45.197.0/24":{"id":"139.45.197.73_139.45.197.0/24","relation":"r_cidr","source":"139.45.197.73","target":"139.45.197.0/24"},"raigluce.net_139.45.197.73":{"id":"raigluce.net_139.45.197.73","relation":"r_dns_a","source":"raigluce.net","target":"139.45.197.73"},"neenaist.net_139.45.197.73":{"id":"neenaist.net_139.45.197.73","relation":"r_dns_a","source":"neenaist.net","target":"139.45.197.73"},"chiphecy.net_139.45.197.73":{"id":"chiphecy.net_139.45.197.73","relation":"r_dns_a","source":"chiphecy.net","target":"139.45.197.73"},"ivoophie.net_139.45.197.73":{"id":"ivoophie.net_139.45.197.73","relation":"r_dns_a","source":"ivoophie.net","target":"139.45.197.73"},"vempozah.net_139.45.197.73":{"id":"vempozah.net_139.45.197.73","relation":"r_dns_a","source":"vempozah.net","target":"139.45.197.73"},"loomufie.com_139.45.197.73":{"id":"loomufie.com_139.45.197.73","relation":"r_dns_a","source":"loomufie.com","target":"139.45.197.73"},"jotchept.com_139.45.197.73":{"id":"jotchept.com_139.45.197.73","relation":"r_dns_a","source":"jotchept.com","target":"139.45.197.73"},"oukruque.com_139.45.197.73":{"id":"oukruque.com_139.45.197.73","relation":"r_dns_a","source":"oukruque.com","target":"139.45.197.73"},"glooglor.com_139.45.197.73":{"id":"glooglor.com_139.45.197.73","relation":"r_dns_a","source":"glooglor.com","target":"139.45.197.73"},"gringoku.com_139.45.197.73":{"id":"gringoku.com_139.45.197.73","relation":"r_dns_a","source":"gringoku.com","target":"139.45.197.73"},"stavecku.net_139.45.197.73":{"id":"stavecku.net_139.45.197.73","relation":"r_dns_a","source":"stavecku.net","target":"139.45.197.73"},"seechaiw.com_139.45.197.73":{"id":"seechaiw.com_139.45.197.73","relation":"r_dns_a","source":"seechaiw.com","target":"139.45.197.73"},"pheezaps.net_139.45.197.73":{"id":"pheezaps.net_139.45.197.73","relation":"r_dns_a","source":"pheezaps.net","target":"139.45.197.73"},"japhezul.com_139.45.197.73":{"id":"japhezul.com_139.45.197.73","relation":"r_dns_a","source":"japhezul.com","target":"139.45.197.73"},"jicmutse.com_139.45.197.73":{"id":"jicmutse.com_139.45.197.73","relation":"r_dns_a","source":"jicmutse.com","target":"139.45.197.73"},"maihaimo.com_139.45.197.73":{"id":"maihaimo.com_139.45.197.73","relation":"r_dns_a","source":"maihaimo.com","target":"139.45.197.73"},"meehaina.net_139.45.197.73":{"id":"meehaina.net_139.45.197.73","relation":"r_dns_a","source":"meehaina.net","target":"139.45.197.73"},"oaraunal.com_139.45.197.73":{"id":"oaraunal.com_139.45.197.73","relation":"r_dns_a","source":"oaraunal.com","target":"139.45.197.73"},"139.45.197.86_139.45.197.0/24":{"id":"139.45.197.86_139.45.197.0/24","relation":"r_cidr","source":"139.45.197.86","target":"139.45.197.0/24"},"norteevu.com_139.45.197.86":{"id":"norteevu.com_139.45.197.86","relation":"r_dns_a","source":"norteevu.com","target":"139.45.197.86"},"foapoopt.com_139.45.197.86":{"id":"foapoopt.com_139.45.197.86","relation":"r_dns_a","source":"foapoopt.com","target":"139.45.197.86"},"oodsotso.com_139.45.197.86":{"id":"oodsotso.com_139.45.197.86","relation":"r_dns_a","source":"oodsotso.com","target":"139.45.197.86"},"stootoat.com_139.45.197.86":{"id":"stootoat.com_139.45.197.86","relation":"r_dns_a","source":"stootoat.com","target":"139.45.197.86"},"phitcher.net_139.45.197.86":{"id":"phitcher.net_139.45.197.86","relation":"r_dns_a","source":"phitcher.net","target":"139.45.197.86"},"psagheet.com_139.45.197.86":{"id":"psagheet.com_139.45.197.86","relation":"r_dns_a","source":"psagheet.com","target":"139.45.197.86"},"tipishaz.com_139.45.197.86":{"id":"tipishaz.com_139.45.197.86","relation":"r_dns_a","source":"tipishaz.com","target":"139.45.197.86"},"wairazaz.com_139.45.197.86":{"id":"wairazaz.com_139.45.197.86","relation":"r_dns_a","source":"wairazaz.com","target":"139.45.197.86"},"staidsid.net_139.45.197.86":{"id":"staidsid.net_139.45.197.86","relation":"r_dns_a","source":"staidsid.net","target":"139.45.197.86"},"chaineky.com_139.45.197.86":{"id":"chaineky.com_139.45.197.86","relation":"r_dns_a","source":"chaineky.com","target":"139.45.197.86"},"ptoosteg.com_139.45.197.86":{"id":"ptoosteg.com_139.45.197.86","relation":"r_dns_a","source":"ptoosteg.com","target":"139.45.197.86"},"miltauru.net_139.45.197.86":{"id":"miltauru.net_139.45.197.86","relation":"r_dns_a","source":"miltauru.net","target":"139.45.197.86"},"ptavizap.net_139.45.197.86":{"id":"ptavizap.net_139.45.197.86","relation":"r_dns_a","source":"ptavizap.net","target":"139.45.197.86"},"greedrum.net_139.45.197.86":{"id":"greedrum.net_139.45.197.86","relation":"r_dns_a","source":"greedrum.net","target":"139.45.197.86"},"139.45.197.86_AS9002":{"id":"139.45.197.86_AS9002","relation":"r_asn","source":"139.45.197.86","target":"AS9002"},"139.45.197.80_139.45.197.0/24":{"id":"139.45.197.80_139.45.197.0/24","relation":"r_cidr","source":"139.45.197.80","target":"139.45.197.0/24"},"mainauko.net_139.45.197.80":{"id":"mainauko.net_139.45.197.80","relation":"r_dns_a","source":"mainauko.net","target":"139.45.197.80"},"hoochoor.com_139.45.197.80":{"id":"hoochoor.com_139.45.197.80","relation":"r_dns_a","source":"hoochoor.com","target":"139.45.197.80"},"soapsoab.com_139.45.197.80":{"id":"soapsoab.com_139.45.197.80","relation":"r_dns_a","source":"soapsoab.com","target":"139.45.197.80"},"phiphooh.net_139.45.197.80":{"id":"phiphooh.net_139.45.197.80","relation":"r_dns_a","source":"phiphooh.net","target":"139.45.197.80"},"oansauns.com_139.45.197.80":{"id":"oansauns.com_139.45.197.80","relation":"r_dns_a","source":"oansauns.com","target":"139.45.197.80"},"peefeehu.com_139.45.197.80":{"id":"peefeehu.com_139.45.197.80","relation":"r_dns_a","source":"peefeehu.com","target":"139.45.197.80"},"togoutso.com_139.45.197.80":{"id":"togoutso.com_139.45.197.80","relation":"r_dns_a","source":"togoutso.com","target":"139.45.197.80"},"uglaiste.com_139.45.197.80":{"id":"uglaiste.com_139.45.197.80","relation":"r_dns_a","source":"uglaiste.com","target":"139.45.197.80"},"phaureft.com_139.45.197.80":{"id":"phaureft.com_139.45.197.80","relation":"r_dns_a","source":"phaureft.com","target":"139.45.197.80"},"heckagny.com_139.45.197.80":{"id":"heckagny.com_139.45.197.80","relation":"r_dns_a","source":"heckagny.com","target":"139.45.197.80"},"neechuce.net_139.45.197.80":{"id":"neechuce.net_139.45.197.80","relation":"r_dns_a","source":"neechuce.net","target":"139.45.197.80"},"ptogheeb.net_139.45.197.80":{"id":"ptogheeb.net_139.45.197.80","relation":"r_dns_a","source":"ptogheeb.net","target":"139.45.197.80"},"grensauy.com_139.45.197.80":{"id":"grensauy.com_139.45.197.80","relation":"r_dns_a","source":"grensauy.com","target":"139.45.197.80"},"matchaix.net_139.45.197.80":{"id":"matchaix.net_139.45.197.80","relation":"r_dns_a","source":"matchaix.net","target":"139.45.197.80"},"neesupee.com_139.45.197.80":{"id":"neesupee.com_139.45.197.80","relation":"r_dns_a","source":"neesupee.com","target":"139.45.197.80"},"vashoaft.net_139.45.197.80":{"id":"vashoaft.net_139.45.197.80","relation":"r_dns_a","source":"vashoaft.net","target":"139.45.197.80"},"139.45.197.80_AS9002":{"id":"139.45.197.80_AS9002","relation":"r_asn","source":"139.45.197.80","target":"AS9002"},"139.45.197.76_139.45.197.0/24":{"id":"139.45.197.76_139.45.197.0/24","relation":"r_cidr","source":"139.45.197.76","target":"139.45.197.0/24"},"huckauhy.com_139.45.197.76":{"id":"huckauhy.com_139.45.197.76","relation":"r_dns_a","source":"huckauhy.com","target":"139.45.197.76"},"augheguw.net_139.45.197.76":{"id":"augheguw.net_139.45.197.76","relation":"r_dns_a","source":"augheguw.net","target":"139.45.197.76"},"oufteens.com_139.45.197.76":{"id":"oufteens.com_139.45.197.76","relation":"r_dns_a","source":"oufteens.com","target":"139.45.197.76"},"aidsauce.net_139.45.197.76":{"id":"aidsauce.net_139.45.197.76","relation":"r_dns_a","source":"aidsauce.net","target":"139.45.197.76"},"jacmaift.com_139.45.197.76":{"id":"jacmaift.com_139.45.197.76","relation":"r_dns_a","source":"jacmaift.com","target":"139.45.197.76"},"haghalra.com_139.45.197.76":{"id":"haghalra.com_139.45.197.76","relation":"r_dns_a","source":"haghalra.com","target":"139.45.197.76"},"faupikou.com_139.45.197.76":{"id":"faupikou.com_139.45.197.76","relation":"r_dns_a","source":"faupikou.com","target":"139.45.197.76"},"ufoukolt.com_139.45.197.76":{"id":"ufoukolt.com_139.45.197.76","relation":"r_dns_a","source":"ufoukolt.com","target":"139.45.197.76"},"seepsocu.net_139.45.197.76":{"id":"seepsocu.net_139.45.197.76","relation":"r_dns_a","source":"seepsocu.net","target":"139.45.197.76"},"psewhaur.net_139.45.197.76":{"id":"psewhaur.net_139.45.197.76","relation":"r_dns_a","source":"psewhaur.net","target":"139.45.197.76"},"stoaksie.com_139.45.197.76":{"id":"stoaksie.com_139.45.197.76","relation":"r_dns_a","source":"stoaksie.com","target":"139.45.197.76"},"lutsoops.net_139.45.197.76":{"id":"lutsoops.net_139.45.197.76","relation":"r_dns_a","source":"lutsoops.net","target":"139.45.197.76"},"foowafoa.com_139.45.197.76":{"id":"foowafoa.com_139.45.197.76","relation":"r_dns_a","source":"foowafoa.com","target":"139.45.197.76"},"graunada.com_139.45.197.76":{"id":"graunada.com_139.45.197.76","relation":"r_dns_a","source":"graunada.com","target":"139.45.197.76"},"glaxaukr.net_139.45.197.76":{"id":"glaxaukr.net_139.45.197.76","relation":"r_dns_a","source":"glaxaukr.net","target":"139.45.197.76"},"139.45.197.76_AS9002":{"id":"139.45.197.76_AS9002","relation":"r_asn","source":"139.45.197.76","target":"AS9002"},"139.45.197.70_139.45.197.0/24":{"id":"139.45.197.70_139.45.197.0/24","relation":"r_cidr","source":"139.45.197.70","target":"139.45.197.0/24"},"bataujou.com_139.45.197.70":{"id":"bataujou.com_139.45.197.70","relation":"r_dns_a","source":"bataujou.com","target":"139.45.197.70"},"mabeetam.com_139.45.197.70":{"id":"mabeetam.com_139.45.197.70","relation":"r_dns_a","source":"mabeetam.com","target":"139.45.197.70"},"gracaiko.net_139.45.197.70":{"id":"gracaiko.net_139.45.197.70","relation":"r_dns_a","source":"gracaiko.net","target":"139.45.197.70"},"wapsagnu.net_139.45.197.70":{"id":"wapsagnu.net_139.45.197.70","relation":"r_dns_a","source":"wapsagnu.net","target":"139.45.197.70"},"niltuvex.com_139.45.197.70":{"id":"niltuvex.com_139.45.197.70","relation":"r_dns_a","source":"niltuvex.com","target":"139.45.197.70"},"noonigie.net_139.45.197.70":{"id":"noonigie.net_139.45.197.70","relation":"r_dns_a","source":"noonigie.net","target":"139.45.197.70"},"uropteed.net_139.45.197.70":{"id":"uropteed.net_139.45.197.70","relation":"r_dns_a","source":"uropteed.net","target":"139.45.197.70"},"maijiptu.net_139.45.197.70":{"id":"maijiptu.net_139.45.197.70","relation":"r_dns_a","source":"maijiptu.net","target":"139.45.197.70"},"ptauvuph.com_139.45.197.70":{"id":"ptauvuph.com_139.45.197.70","relation":"r_dns_a","source":"ptauvuph.com","target":"139.45.197.70"},"zaivikuk.com_139.45.197.70":{"id":"zaivikuk.com_139.45.197.70","relation":"r_dns_a","source":"zaivikuk.com","target":"139.45.197.70"},"woogoust.com_139.45.197.70":{"id":"woogoust.com_139.45.197.70","relation":"r_dns_a","source":"woogoust.com","target":"139.45.197.70"},"noaloheb.com_139.45.197.70":{"id":"noaloheb.com_139.45.197.70","relation":"r_dns_a","source":"noaloheb.com","target":"139.45.197.70"},"oukreesy.net_139.45.197.70":{"id":"oukreesy.net_139.45.197.70","relation":"r_dns_a","source":"oukreesy.net","target":"139.45.197.70"},"jairoowe.com_139.45.197.70":{"id":"jairoowe.com_139.45.197.70","relation":"r_dns_a","source":"jairoowe.com","target":"139.45.197.70"},"ptaussee.net_139.45.197.70":{"id":"ptaussee.net_139.45.197.70","relation":"r_dns_a","source":"ptaussee.net","target":"139.45.197.70"},"139.45.197.70_AS9002":{"id":"139.45.197.70_AS9002","relation":"r_asn","source":"139.45.197.70","target":"AS9002"},"vashoaft.net_a122fef0681ee401b841c5ea6c5576f366add483c53e3d54310f87cb7dd36bda":{"id":"vashoaft.net_a122fef0681ee401b841c5ea6c5576f366add483c53e3d54310f87cb7dd36bda","relation":"r_cert","source":"vashoaft.net","target":"a122fef0681ee401b841c5ea6c5576f366add483c53e3d54310f87cb7dd36bda"},"neesupee.com_4219da5642f31b5ad89a88522c520dde0632cd2add1a5e5465bcda4911114914":{"id":"neesupee.com_4219da5642f31b5ad89a88522c520dde0632cd2add1a5e5465bcda4911114914","relation":"r_cert","source":"neesupee.com","target":"4219da5642f31b5ad89a88522c520dde0632cd2add1a5e5465bcda4911114914"},"aukrouwy.net_139.45.197.72":{"id":"aukrouwy.net_139.45.197.72","relation":"r_dns_a","source":"aukrouwy.net","target":"139.45.197.72"},"aukrouwy.net_9a81ef203a50bc0d42915b3a3cb2d4835037140e51017a0c073e2871461fbda1":{"id":"aukrouwy.net_9a81ef203a50bc0d42915b3a3cb2d4835037140e51017a0c073e2871461fbda1","relation":"r_cert","source":"aukrouwy.net","target":"9a81ef203a50bc0d42915b3a3cb2d4835037140e51017a0c073e2871461fbda1"},"pteefoak.com_139.45.197.122":{"id":"pteefoak.com_139.45.197.122","relation":"r_dns_a","source":"pteefoak.com","target":"139.45.197.122"},"pteefoak.com_5a69b8ddefd5350f0fa6de114128687562ec3f82efadb5d7314a2b2e2e7a6b50":{"id":"pteefoak.com_5a69b8ddefd5350f0fa6de114128687562ec3f82efadb5d7314a2b2e2e7a6b50","relation":"r_cert","source":"pteefoak.com","target":"5a69b8ddefd5350f0fa6de114128687562ec3f82efadb5d7314a2b2e2e7a6b50"},"boudougu.com_139.45.197.102":{"id":"boudougu.com_139.45.197.102","relation":"r_dns_a","source":"boudougu.com","target":"139.45.197.102"},"boudougu.com_eb967fed430ccb355ca32952a7a77f05b81819b38731a40d8951498a0011c746":{"id":"boudougu.com_eb967fed430ccb355ca32952a7a77f05b81819b38731a40d8951498a0011c746","relation":"r_cert","source":"boudougu.com","target":"eb967fed430ccb355ca32952a7a77f05b81819b38731a40d8951498a0011c746"},"zaugroaw.net_139.45.197.100":{"id":"zaugroaw.net_139.45.197.100","relation":"r_dns_a","source":"zaugroaw.net","target":"139.45.197.100"},"zaugroaw.net_3061ea603e7e90af93bac8fe0b667b1967bf56443e3decc53feba04b9f0a6560":{"id":"zaugroaw.net_3061ea603e7e90af93bac8fe0b667b1967bf56443e3decc53feba04b9f0a6560","relation":"r_cert","source":"zaugroaw.net","target":"3061ea603e7e90af93bac8fe0b667b1967bf56443e3decc53feba04b9f0a6560"},"ophoahik.net_139.45.197.107":{"id":"ophoahik.net_139.45.197.107","relation":"r_dns_a","source":"ophoahik.net","target":"139.45.197.107"},"ophoahik.net_5fd7b2b3298b53054870edb1618a2d78a75d82be9a67a7300fe25d2e81182fec":{"id":"ophoahik.net_5fd7b2b3298b53054870edb1618a2d78a75d82be9a67a7300fe25d2e81182fec","relation":"r_cert","source":"ophoahik.net","target":"5fd7b2b3298b53054870edb1618a2d78a75d82be9a67a7300fe25d2e81182fec"},"lizautie.net_139.45.197.115":{"id":"lizautie.net_139.45.197.115","relation":"r_dns_a","source":"lizautie.net","target":"139.45.197.115"},"lizautie.net_3d496fd28aa8c9aa02d1dde5d5e7c2dadf898a54e8ef00d48f24dc6840af7e61":{"id":"lizautie.net_3d496fd28aa8c9aa02d1dde5d5e7c2dadf898a54e8ef00d48f24dc6840af7e61","relation":"r_cert","source":"lizautie.net","target":"3d496fd28aa8c9aa02d1dde5d5e7c2dadf898a54e8ef00d48f24dc6840af7e61"},"aissores.com_139.45.197.102":{"id":"aissores.com_139.45.197.102","relation":"r_dns_a","source":"aissores.com","target":"139.45.197.102"},"aissores.com_4a8c1f9cebf67401ac9d123fc3c6704c5e15f892f3d42d968827b829fd2e0b72":{"id":"aissores.com_4a8c1f9cebf67401ac9d123fc3c6704c5e15f892f3d42d968827b829fd2e0b72","relation":"r_cert","source":"aissores.com","target":"4a8c1f9cebf67401ac9d123fc3c6704c5e15f892f3d42d968827b829fd2e0b72"},"jaiwuzoo.net_139.45.197.117":{"id":"jaiwuzoo.net_139.45.197.117","relation":"r_dns_a","source":"jaiwuzoo.net","target":"139.45.197.117"},"jaiwuzoo.net_5fd7f92f8ed20347a7713d425fccb4957ce0f66a3216d04837527a6c71d1a60b":{"id":"jaiwuzoo.net_5fd7f92f8ed20347a7713d425fccb4957ce0f66a3216d04837527a6c71d1a60b","relation":"r_cert","source":"jaiwuzoo.net","target":"5fd7f92f8ed20347a7713d425fccb4957ce0f66a3216d04837527a6c71d1a60b"},"paiptoaz.com_139.45.197.121":{"id":"paiptoaz.com_139.45.197.121","relation":"r_dns_a","source":"paiptoaz.com","target":"139.45.197.121"},"paiptoaz.com_51a206de3ad8ff138959999162e86a7abf8397ae2d8321b60818b55581977928":{"id":"paiptoaz.com_51a206de3ad8ff138959999162e86a7abf8397ae2d8321b60818b55581977928","relation":"r_cert","source":"paiptoaz.com","target":"51a206de3ad8ff138959999162e86a7abf8397ae2d8321b60818b55581977928"},"nouwaiky.net_139.45.197.108":{"id":"nouwaiky.net_139.45.197.108","relation":"r_dns_a","source":"nouwaiky.net","target":"139.45.197.108"},"nouwaiky.net_966dd4e5093c7d5b207fc51e507cd5b9ac8e122a632c874fedd13f83060211ef":{"id":"nouwaiky.net_966dd4e5093c7d5b207fc51e507cd5b9ac8e122a632c874fedd13f83060211ef","relation":"r_cert","source":"nouwaiky.net","target":"966dd4e5093c7d5b207fc51e507cd5b9ac8e122a632c874fedd13f83060211ef"},"booceemu.com_139.45.197.119":{"id":"booceemu.com_139.45.197.119","relation":"r_dns_a","source":"booceemu.com","target":"139.45.197.119"},"booceemu.com_b5dccb362a3f30af56e8d74a6a00bbf185a1a334b7d8aaefb778f289e86110d0":{"id":"booceemu.com_b5dccb362a3f30af56e8d74a6a00bbf185a1a334b7d8aaefb778f289e86110d0","relation":"r_cert","source":"booceemu.com","target":"b5dccb362a3f30af56e8d74a6a00bbf185a1a334b7d8aaefb778f289e86110d0"},"noateeva.com_139.45.197.124":{"id":"noateeva.com_139.45.197.124","relation":"r_dns_a","source":"noateeva.com","target":"139.45.197.124"},"noateeva.com_a6ac435f3b2a81510bb0b5df33d01b8ceb0b0f80c6530d2df1bd1bb7e56184fb":{"id":"noateeva.com_a6ac435f3b2a81510bb0b5df33d01b8ceb0b0f80c6530d2df1bd1bb7e56184fb","relation":"r_cert","source":"noateeva.com","target":"a6ac435f3b2a81510bb0b5df33d01b8ceb0b0f80c6530d2df1bd1bb7e56184fb"},"roaptoub.com_139.45.197.107":{"id":"roaptoub.com_139.45.197.107","relation":"r_dns_a","source":"roaptoub.com","target":"139.45.197.107"},"roaptoub.com_248ca7a5c6a7a757ff0977837fc62eb38f4de7844b5655373dd3d568ce45cead":{"id":"roaptoub.com_248ca7a5c6a7a757ff0977837fc62eb38f4de7844b5655373dd3d568ce45cead","relation":"r_cert","source":"roaptoub.com","target":"248ca7a5c6a7a757ff0977837fc62eb38f4de7844b5655373dd3d568ce45cead"},"moowouzy.net_139.45.197.109":{"id":"moowouzy.net_139.45.197.109","relation":"r_dns_a","source":"moowouzy.net","target":"139.45.197.109"},"keepaira.net_139.45.197.105":{"id":"keepaira.net_139.45.197.105","relation":"r_dns_a","source":"keepaira.net","target":"139.45.197.105"},"keepaira.net_f069826163af7d8408f5edc023d484cc5cb36d5fea5da509785a8819d91e8bb8":{"id":"keepaira.net_f069826163af7d8408f5edc023d484cc5cb36d5fea5da509785a8819d91e8bb8","relation":"r_cert","source":"keepaira.net","target":"f069826163af7d8408f5edc023d484cc5cb36d5fea5da509785a8819d91e8bb8"},"koowaido.net_139.45.197.97":{"id":"koowaido.net_139.45.197.97","relation":"r_dns_a","source":"koowaido.net","target":"139.45.197.97"},"koowaido.net_dea341cf067f6af90db07b537b2f874e55456aa6683a11dfeb391e6e8cbfd4dc":{"id":"koowaido.net_dea341cf067f6af90db07b537b2f874e55456aa6683a11dfeb391e6e8cbfd4dc","relation":"r_cert","source":"koowaido.net","target":"dea341cf067f6af90db07b537b2f874e55456aa6683a11dfeb391e6e8cbfd4dc"},"gromairt.net_139.45.197.122":{"id":"gromairt.net_139.45.197.122","relation":"r_dns_a","source":"gromairt.net","target":"139.45.197.122"},"gromairt.net_573095aed8a219cf7f11eb3e15e8c4d878d0e7f3637180f77241bdb3e4c0ac09":{"id":"gromairt.net_573095aed8a219cf7f11eb3e15e8c4d878d0e7f3637180f77241bdb3e4c0ac09","relation":"r_cert","source":"gromairt.net","target":"573095aed8a219cf7f11eb3e15e8c4d878d0e7f3637180f77241bdb3e4c0ac09"},"ouftukoo.net_1152d43d1744b574ed629eaa2570a0e0cecd955ffc68517229aeeda99a75bc7f":{"id":"ouftukoo.net_1152d43d1744b574ed629eaa2570a0e0cecd955ffc68517229aeeda99a75bc7f","relation":"r_cert","source":"ouftukoo.net","target":"1152d43d1744b574ed629eaa2570a0e0cecd955ffc68517229aeeda99a75bc7f"},"cerizoug.net_139.45.197.102":{"id":"cerizoug.net_139.45.197.102","relation":"r_dns_a","source":"cerizoug.net","target":"139.45.197.102"},"cerizoug.net_31dde04a861352db3ceb6e6b1a1b2dbcf64740f311d111a1418c63311feca539":{"id":"cerizoug.net_31dde04a861352db3ceb6e6b1a1b2dbcf64740f311d111a1418c63311feca539","relation":"r_cert","source":"cerizoug.net","target":"31dde04a861352db3ceb6e6b1a1b2dbcf64740f311d111a1418c63311feca539"},"grirault.net_139.45.197.102":{"id":"grirault.net_139.45.197.102","relation":"r_dns_a","source":"grirault.net","target":"139.45.197.102"},"zudrurta.com_139.45.197.109":{"id":"zudrurta.com_139.45.197.109","relation":"r_dns_a","source":"zudrurta.com","target":"139.45.197.109"},"zudrurta.com_0215d6c057b86282e380b6f55540ad5ccc69ee538cc44bf9317fdb6ef525fcca":{"id":"zudrurta.com_0215d6c057b86282e380b6f55540ad5ccc69ee538cc44bf9317fdb6ef525fcca","relation":"r_cert","source":"zudrurta.com","target":"0215d6c057b86282e380b6f55540ad5ccc69ee538cc44bf9317fdb6ef525fcca"},"poudeeri.com_139.45.197.101":{"id":"poudeeri.com_139.45.197.101","relation":"r_dns_a","source":"poudeeri.com","target":"139.45.197.101"},"poudeeri.com_9f8120a28abc931f19a5c05ba71b3f5b71923888f70c8c826169504462d105fe":{"id":"poudeeri.com_9f8120a28abc931f19a5c05ba71b3f5b71923888f70c8c826169504462d105fe","relation":"r_cert","source":"poudeeri.com","target":"9f8120a28abc931f19a5c05ba71b3f5b71923888f70c8c826169504462d105fe"},"hoosorie.com_139.45.197.102":{"id":"hoosorie.com_139.45.197.102","relation":"r_dns_a","source":"hoosorie.com","target":"139.45.197.102"},"hoosorie.com_4d038400fcdea85ef44656b19747f1fc47f1e97512e257d11475f03888c6edb8":{"id":"hoosorie.com_4d038400fcdea85ef44656b19747f1fc47f1e97512e257d11475f03888c6edb8","relation":"r_cert","source":"hoosorie.com","target":"4d038400fcdea85ef44656b19747f1fc47f1e97512e257d11475f03888c6edb8"},"duxumpou.com_139.45.197.112":{"id":"duxumpou.com_139.45.197.112","relation":"r_dns_a","source":"duxumpou.com","target":"139.45.197.112"},"atoultou.com_139.45.197.100":{"id":"atoultou.com_139.45.197.100","relation":"r_dns_a","source":"atoultou.com","target":"139.45.197.100"},"atoultou.com_206e0f5f5409064cd6de485dad9affefc793353893f88ef07e9400764c70d8f1":{"id":"atoultou.com_206e0f5f5409064cd6de485dad9affefc793353893f88ef07e9400764c70d8f1","relation":"r_cert","source":"atoultou.com","target":"206e0f5f5409064cd6de485dad9affefc793353893f88ef07e9400764c70d8f1"},"soazooge.com_139.45.197.108":{"id":"soazooge.com_139.45.197.108","relation":"r_dns_a","source":"soazooge.com","target":"139.45.197.108"},"soazooge.com_c2013a6a7b67401724cf735dc83286d6af31ecf541ec32b0d64debd6dc375e16":{"id":"soazooge.com_c2013a6a7b67401724cf735dc83286d6af31ecf541ec32b0d64debd6dc375e16","relation":"r_cert","source":"soazooge.com","target":"c2013a6a7b67401724cf735dc83286d6af31ecf541ec32b0d64debd6dc375e16"},"imounsos.com_139.45.197.122":{"id":"imounsos.com_139.45.197.122","relation":"r_dns_a","source":"imounsos.com","target":"139.45.197.122"},"imounsos.com_a6681f9f04d83767c78e80f2f415f0e98957854692d0417ff35a1188fdf27e01":{"id":"imounsos.com_a6681f9f04d83767c78e80f2f415f0e98957854692d0417ff35a1188fdf27e01","relation":"r_cert","source":"imounsos.com","target":"a6681f9f04d83767c78e80f2f415f0e98957854692d0417ff35a1188fdf27e01"},"naishuhe.net_139.45.197.125":{"id":"naishuhe.net_139.45.197.125","relation":"r_dns_a","source":"naishuhe.net","target":"139.45.197.125"},"naishuhe.net_9105bf2bd7d98a70a031762c25c98e8c7b7ca30fc96b1d88bff74b28c0dcfea9":{"id":"naishuhe.net_9105bf2bd7d98a70a031762c25c98e8c7b7ca30fc96b1d88bff74b28c0dcfea9","relation":"r_cert","source":"naishuhe.net","target":"9105bf2bd7d98a70a031762c25c98e8c7b7ca30fc96b1d88bff74b28c0dcfea9"},"tauchaus.com_139.45.197.96":{"id":"tauchaus.com_139.45.197.96","relation":"r_dns_a","source":"tauchaus.com","target":"139.45.197.96"},"tauchaus.com_d1adb8a702e81632218314cfcf74b0338f39342eaf7fefdd41d85c005e0117d3":{"id":"tauchaus.com_d1adb8a702e81632218314cfcf74b0338f39342eaf7fefdd41d85c005e0117d3","relation":"r_cert","source":"tauchaus.com","target":"d1adb8a702e81632218314cfcf74b0338f39342eaf7fefdd41d85c005e0117d3"},"couhepoa.net_139.45.197.110":{"id":"couhepoa.net_139.45.197.110","relation":"r_dns_a","source":"couhepoa.net","target":"139.45.197.110"},"couhepoa.net_7e7c13993c31fb27c8d73fc809ec3b4ccb2d19d3adcba56215814542fa2b3644":{"id":"couhepoa.net_7e7c13993c31fb27c8d73fc809ec3b4ccb2d19d3adcba56215814542fa2b3644","relation":"r_cert","source":"couhepoa.net","target":"7e7c13993c31fb27c8d73fc809ec3b4ccb2d19d3adcba56215814542fa2b3644"},"upsoozoa.net_139.45.197.108":{"id":"upsoozoa.net_139.45.197.108","relation":"r_dns_a","source":"upsoozoa.net","target":"139.45.197.108"},"upsoozoa.net_4ba5cc2f3ee854bd78baa955730ee0b61631f339fd1c0156cc983a8978d24fea":{"id":"upsoozoa.net_4ba5cc2f3ee854bd78baa955730ee0b61631f339fd1c0156cc983a8978d24fea","relation":"r_cert","source":"upsoozoa.net","target":"4ba5cc2f3ee854bd78baa955730ee0b61631f339fd1c0156cc983a8978d24fea"},"kizoweet.com_139.45.197.120":{"id":"kizoweet.com_139.45.197.120","relation":"r_dns_a","source":"kizoweet.com","target":"139.45.197.120"},"kizoweet.com_3c0c5ed18ca0e65f14d52c0502279aaefe5a054d0603b974109b7e904c993114":{"id":"kizoweet.com_3c0c5ed18ca0e65f14d52c0502279aaefe5a054d0603b974109b7e904c993114","relation":"r_cert","source":"kizoweet.com","target":"3c0c5ed18ca0e65f14d52c0502279aaefe5a054d0603b974109b7e904c993114"},"stoashou.net_139.45.197.102":{"id":"stoashou.net_139.45.197.102","relation":"r_dns_a","source":"stoashou.net","target":"139.45.197.102"},"stoashou.net_4bc683b4c71e636b3dcbded3a6d49ef1a7845b56939f47c745a13d37c8403722":{"id":"stoashou.net_4bc683b4c71e636b3dcbded3a6d49ef1a7845b56939f47c745a13d37c8403722","relation":"r_cert","source":"stoashou.net","target":"4bc683b4c71e636b3dcbded3a6d49ef1a7845b56939f47c745a13d37c8403722"},"oochaurt.com_139.45.197.105":{"id":"oochaurt.com_139.45.197.105","relation":"r_dns_a","source":"oochaurt.com","target":"139.45.197.105"},"oochaurt.com_4982884472934656d066ef12597403f86ad9a8e61b5da917034d01a92af93674":{"id":"oochaurt.com_4982884472934656d066ef12597403f86ad9a8e61b5da917034d01a92af93674","relation":"r_cert","source":"oochaurt.com","target":"4982884472934656d066ef12597403f86ad9a8e61b5da917034d01a92af93674"},"139.45.197.105_139.45.197.0/24":{"id":"139.45.197.105_139.45.197.0/24","relation":"r_cidr","source":"139.45.197.105","target":"139.45.197.0/24"},"raigluce.net_139.45.197.105":{"id":"raigluce.net_139.45.197.105","relation":"r_dns_a","source":"raigluce.net","target":"139.45.197.105"},"vounoany.net_139.45.197.105":{"id":"vounoany.net_139.45.197.105","relation":"r_dns_a","source":"vounoany.net","target":"139.45.197.105"},"psoutcho.com_139.45.197.105":{"id":"psoutcho.com_139.45.197.105","relation":"r_dns_a","source":"psoutcho.com","target":"139.45.197.105"},"uropteed.net_139.45.197.105":{"id":"uropteed.net_139.45.197.105","relation":"r_dns_a","source":"uropteed.net","target":"139.45.197.105"},"phoufawo.com_139.45.197.105":{"id":"phoufawo.com_139.45.197.105","relation":"r_dns_a","source":"phoufawo.com","target":"139.45.197.105"},"uglaiste.com_139.45.197.105":{"id":"uglaiste.com_139.45.197.105","relation":"r_dns_a","source":"uglaiste.com","target":"139.45.197.105"},"ourauhoa.net_139.45.197.105":{"id":"ourauhoa.net_139.45.197.105","relation":"r_dns_a","source":"ourauhoa.net","target":"139.45.197.105"},"shoutsop.com_139.45.197.105":{"id":"shoutsop.com_139.45.197.105","relation":"r_dns_a","source":"shoutsop.com","target":"139.45.197.105"},"saikeela.net_139.45.197.105":{"id":"saikeela.net_139.45.197.105","relation":"r_dns_a","source":"saikeela.net","target":"139.45.197.105"},"dooptoug.net_139.45.197.105":{"id":"dooptoug.net_139.45.197.105","relation":"r_dns_a","source":"dooptoug.net","target":"139.45.197.105"},"neltoole.net_139.45.197.105":{"id":"neltoole.net_139.45.197.105","relation":"r_dns_a","source":"neltoole.net","target":"139.45.197.105"},"gakseeft.com_139.45.197.105":{"id":"gakseeft.com_139.45.197.105","relation":"r_dns_a","source":"gakseeft.com","target":"139.45.197.105"},"miltauru.net_139.45.197.105":{"id":"miltauru.net_139.45.197.105","relation":"r_dns_a","source":"miltauru.net","target":"139.45.197.105"},"ugoupams.com_139.45.197.105":{"id":"ugoupams.com_139.45.197.105","relation":"r_dns_a","source":"ugoupams.com","target":"139.45.197.105"},"oukreesy.net_139.45.197.105":{"id":"oukreesy.net_139.45.197.105","relation":"r_dns_a","source":"oukreesy.net","target":"139.45.197.105"},"whautsel.net_139.45.197.105":{"id":"whautsel.net_139.45.197.105","relation":"r_dns_a","source":"whautsel.net","target":"139.45.197.105"},"139.45.197.105_AS9002":{"id":"139.45.197.105_AS9002","relation":"r_asn","source":"139.45.197.105","target":"AS9002"},"139.45.197.102_139.45.197.0/24":{"id":"139.45.197.102_139.45.197.0/24","relation":"r_cidr","source":"139.45.197.102","target":"139.45.197.0/24"},"whusebsu.com_139.45.197.102":{"id":"whusebsu.com_139.45.197.102","relation":"r_dns_a","source":"whusebsu.com","target":"139.45.197.102"},"chiphecy.net_139.45.197.102":{"id":"chiphecy.net_139.45.197.102","relation":"r_dns_a","source":"chiphecy.net","target":"139.45.197.102"},"groobsoo.com_139.45.197.102":{"id":"groobsoo.com_139.45.197.102","relation":"r_dns_a","source":"groobsoo.com","target":"139.45.197.102"},"wacucmiy.net_139.45.197.102":{"id":"wacucmiy.net_139.45.197.102","relation":"r_dns_a","source":"wacucmiy.net","target":"139.45.197.102"},"zaijacho.net_139.45.197.102":{"id":"zaijacho.net_139.45.197.102","relation":"r_dns_a","source":"zaijacho.net","target":"139.45.197.102"},"toonikab.com_139.45.197.102":{"id":"toonikab.com_139.45.197.102","relation":"r_dns_a","source":"toonikab.com","target":"139.45.197.102"},"zijaipse.com_139.45.197.102":{"id":"zijaipse.com_139.45.197.102","relation":"r_dns_a","source":"zijaipse.com","target":"139.45.197.102"},"jotchept.com_139.45.197.102":{"id":"jotchept.com_139.45.197.102","relation":"r_dns_a","source":"jotchept.com","target":"139.45.197.102"},"stunsoos.com_139.45.197.102":{"id":"stunsoos.com_139.45.197.102","relation":"r_dns_a","source":"stunsoos.com","target":"139.45.197.102"},"kaicoomy.net_139.45.197.102":{"id":"kaicoomy.net_139.45.197.102","relation":"r_dns_a","source":"kaicoomy.net","target":"139.45.197.102"},"grathizi.com_139.45.197.102":{"id":"grathizi.com_139.45.197.102","relation":"r_dns_a","source":"grathizi.com","target":"139.45.197.102"},"cheewait.net_139.45.197.102":{"id":"cheewait.net_139.45.197.102","relation":"r_dns_a","source":"cheewait.net","target":"139.45.197.102"},"nouseeth.com_139.45.197.102":{"id":"nouseeth.com_139.45.197.102","relation":"r_dns_a","source":"nouseeth.com","target":"139.45.197.102"},"jicmutse.com_139.45.197.102":{"id":"jicmutse.com_139.45.197.102","relation":"r_dns_a","source":"jicmutse.com","target":"139.45.197.102"},"oushenoo.net_139.45.197.102":{"id":"oushenoo.net_139.45.197.102","relation":"r_dns_a","source":"oushenoo.net","target":"139.45.197.102"},"139.45.197.108_139.45.197.0/24":{"id":"139.45.197.108_139.45.197.0/24","relation":"r_cidr","source":"139.45.197.108","target":"139.45.197.0/24"},"norteevu.com_139.45.197.108":{"id":"norteevu.com_139.45.197.108","relation":"r_dns_a","source":"norteevu.com","target":"139.45.197.108"},"psoptopi.com_139.45.197.108":{"id":"psoptopi.com_139.45.197.108","relation":"r_dns_a","source":"psoptopi.com","target":"139.45.197.108"},"wultaikr.net_139.45.197.108":{"id":"wultaikr.net_139.45.197.108","relation":"r_dns_a","source":"wultaikr.net","target":"139.45.197.108"},"gloalrie.com_139.45.197.108":{"id":"gloalrie.com_139.45.197.108","relation":"r_dns_a","source":"gloalrie.com","target":"139.45.197.108"},"oufteens.com_139.45.197.108":{"id":"oufteens.com_139.45.197.108","relation":"r_dns_a","source":"oufteens.com","target":"139.45.197.108"},"gobaiwhe.net_139.45.197.108":{"id":"gobaiwhe.net_139.45.197.108","relation":"r_dns_a","source":"gobaiwhe.net","target":"139.45.197.108"},"koutobey.net_139.45.197.108":{"id":"koutobey.net_139.45.197.108","relation":"r_dns_a","source":"koutobey.net","target":"139.45.197.108"},"thompirs.com_139.45.197.108":{"id":"thompirs.com_139.45.197.108","relation":"r_dns_a","source":"thompirs.com","target":"139.45.197.108"},"oshaugre.com_139.45.197.108":{"id":"oshaugre.com_139.45.197.108","relation":"r_dns_a","source":"oshaugre.com","target":"139.45.197.108"},"tooptauy.net_139.45.197.108":{"id":"tooptauy.net_139.45.197.108","relation":"r_dns_a","source":"tooptauy.net","target":"139.45.197.108"},"cifaumsy.net_139.45.197.108":{"id":"cifaumsy.net_139.45.197.108","relation":"r_dns_a","source":"cifaumsy.net","target":"139.45.197.108"},"laibutho.com_139.45.197.108":{"id":"laibutho.com_139.45.197.108","relation":"r_dns_a","source":"laibutho.com","target":"139.45.197.108"},"chubaugn.com_139.45.197.108":{"id":"chubaugn.com_139.45.197.108","relation":"r_dns_a","source":"chubaugn.com","target":"139.45.197.108"},"japhezul.com_139.45.197.108":{"id":"japhezul.com_139.45.197.108","relation":"r_dns_a","source":"japhezul.com","target":"139.45.197.108"},"staimpor.net_139.45.197.108":{"id":"staimpor.net_139.45.197.108","relation":"r_dns_a","source":"staimpor.net","target":"139.45.197.108"},"heckagny.com_139.45.197.108":{"id":"heckagny.com_139.45.197.108","relation":"r_dns_a","source":"heckagny.com","target":"139.45.197.108"},"augnuxun.net_139.45.197.108":{"id":"augnuxun.net_139.45.197.108","relation":"r_dns_a","source":"augnuxun.net","target":"139.45.197.108"},"139.45.197.122_139.45.197.0/24":{"id":"139.45.197.122_139.45.197.0/24","relation":"r_cidr","source":"139.45.197.122","target":"139.45.197.0/24"},"bushoagh.com_139.45.197.122":{"id":"bushoagh.com_139.45.197.122","relation":"r_dns_a","source":"bushoagh.com","target":"139.45.197.122"},"grexoacu.com_139.45.197.122":{"id":"grexoacu.com_139.45.197.122","relation":"r_dns_a","source":"grexoacu.com","target":"139.45.197.122"},"stootoat.com_139.45.197.122":{"id":"stootoat.com_139.45.197.122","relation":"r_dns_a","source":"stootoat.com","target":"139.45.197.122"},"glooglor.com_139.45.197.122":{"id":"glooglor.com_139.45.197.122","relation":"r_dns_a","source":"glooglor.com","target":"139.45.197.122"},"kaucoogi.com_139.45.197.122":{"id":"kaucoogi.com_139.45.197.122","relation":"r_dns_a","source":"kaucoogi.com","target":"139.45.197.122"},"oansauns.com_139.45.197.122":{"id":"oansauns.com_139.45.197.122","relation":"r_dns_a","source":"oansauns.com","target":"139.45.197.122"},"phaickan.com_139.45.197.122":{"id":"phaickan.com_139.45.197.122","relation":"r_dns_a","source":"phaickan.com","target":"139.45.197.122"},"ptaivain.net_139.45.197.122":{"id":"ptaivain.net_139.45.197.122","relation":"r_dns_a","source":"ptaivain.net","target":"139.45.197.122"},"stoassod.com_139.45.197.122":{"id":"stoassod.com_139.45.197.122","relation":"r_dns_a","source":"stoassod.com","target":"139.45.197.122"},"wahamtou.net_139.45.197.122":{"id":"wahamtou.net_139.45.197.122","relation":"r_dns_a","source":"wahamtou.net","target":"139.45.197.122"},"liwhetsu.com_139.45.197.122":{"id":"liwhetsu.com_139.45.197.122","relation":"r_dns_a","source":"liwhetsu.com","target":"139.45.197.122"},"pagnookr.net_139.45.197.122":{"id":"pagnookr.net_139.45.197.122","relation":"r_dns_a","source":"pagnookr.net","target":"139.45.197.122"},"ptogheeb.net_139.45.197.122":{"id":"ptogheeb.net_139.45.197.122","relation":"r_dns_a","source":"ptogheeb.net","target":"139.45.197.122"},"foavistu.net_139.45.197.122":{"id":"foavistu.net_139.45.197.122","relation":"r_dns_a","source":"foavistu.net","target":"139.45.197.122"},"jistaumt.com_139.45.197.122":{"id":"jistaumt.com_139.45.197.122","relation":"r_dns_a","source":"jistaumt.com","target":"139.45.197.122"},"139.45.197.122_AS9002":{"id":"139.45.197.122_AS9002","relation":"r_asn","source":"139.45.197.122","target":"AS9002"},"139.45.197.100_139.45.197.0/24":{"id":"139.45.197.100_139.45.197.0/24","relation":"r_cidr","source":"139.45.197.100","target":"139.45.197.0/24"},"huckauhy.com_139.45.197.100":{"id":"huckauhy.com_139.45.197.100","relation":"r_dns_a","source":"huckauhy.com","target":"139.45.197.100"},"mabeetam.com_139.45.197.100":{"id":"mabeetam.com_139.45.197.100","relation":"r_dns_a","source":"mabeetam.com","target":"139.45.197.100"},"thookour.com_139.45.197.100":{"id":"thookour.com_139.45.197.100","relation":"r_dns_a","source":"thookour.com","target":"139.45.197.100"},"nesoaghu.net_139.45.197.100":{"id":"nesoaghu.net_139.45.197.100","relation":"r_dns_a","source":"nesoaghu.net","target":"139.45.197.100"},"grooksom.com_139.45.197.100":{"id":"grooksom.com_139.45.197.100","relation":"r_dns_a","source":"grooksom.com","target":"139.45.197.100"},"dalrekso.net_139.45.197.100":{"id":"dalrekso.net_139.45.197.100","relation":"r_dns_a","source":"dalrekso.net","target":"139.45.197.100"},"virashux.net_139.45.197.100":{"id":"virashux.net_139.45.197.100","relation":"r_dns_a","source":"virashux.net","target":"139.45.197.100"},"culreelt.com_139.45.197.100":{"id":"culreelt.com_139.45.197.100","relation":"r_dns_a","source":"culreelt.com","target":"139.45.197.100"},"gleebsex.net_139.45.197.100":{"id":"gleebsex.net_139.45.197.100","relation":"r_dns_a","source":"gleebsex.net","target":"139.45.197.100"},"graunada.com_139.45.197.100":{"id":"graunada.com_139.45.197.100","relation":"r_dns_a","source":"graunada.com","target":"139.45.197.100"},"139.45.197.100_AS9002":{"id":"139.45.197.100_AS9002","relation":"r_asn","source":"139.45.197.100","target":"AS9002"},"139.45.197.109_139.45.197.0/24":{"id":"139.45.197.109_139.45.197.0/24","relation":"r_cidr","source":"139.45.197.109","target":"139.45.197.0/24"},"booraipa.com_139.45.197.109":{"id":"booraipa.com_139.45.197.109","relation":"r_dns_a","source":"booraipa.com","target":"139.45.197.109"},"ivoophie.net_139.45.197.109":{"id":"ivoophie.net_139.45.197.109","relation":"r_dns_a","source":"ivoophie.net","target":"139.45.197.109"},"aughukoo.com_139.45.197.109":{"id":"aughukoo.com_139.45.197.109","relation":"r_dns_a","source":"aughukoo.com","target":"139.45.197.109"},"gogoartu.net_139.45.197.109":{"id":"gogoartu.net_139.45.197.109","relation":"r_dns_a","source":"gogoartu.net","target":"139.45.197.109"},"sersoola.com_139.45.197.109":{"id":"sersoola.com_139.45.197.109","relation":"r_dns_a","source":"sersoola.com","target":"139.45.197.109"},"edoutoam.net_139.45.197.109":{"id":"edoutoam.net_139.45.197.109","relation":"r_dns_a","source":"edoutoam.net","target":"139.45.197.109"},"moapteeg.net_139.45.197.109":{"id":"moapteeg.net_139.45.197.109","relation":"r_dns_a","source":"moapteeg.net","target":"139.45.197.109"},"mikrairs.com_139.45.197.109":{"id":"mikrairs.com_139.45.197.109","relation":"r_dns_a","source":"mikrairs.com","target":"139.45.197.109"},"glomseci.com_139.45.197.109":{"id":"glomseci.com_139.45.197.109","relation":"r_dns_a","source":"glomseci.com","target":"139.45.197.109"},"psewhaur.net_139.45.197.109":{"id":"psewhaur.net_139.45.197.109","relation":"r_dns_a","source":"psewhaur.net","target":"139.45.197.109"},"139.45.197.109_AS9002":{"id":"139.45.197.109_AS9002","relation":"r_asn","source":"139.45.197.109","target":"AS9002"},"139.45.197.107_139.45.197.0/24":{"id":"139.45.197.107_139.45.197.0/24","relation":"r_cidr","source":"139.45.197.107","target":"139.45.197.0/24"},"beewanuk.net_139.45.197.107":{"id":"beewanuk.net_139.45.197.107","relation":"r_dns_a","source":"beewanuk.net","target":"139.45.197.107"},"bodaimen.com_139.45.197.107":{"id":"bodaimen.com_139.45.197.107","relation":"r_dns_a","source":"bodaimen.com","target":"139.45.197.107"},"ethethoa.net_139.45.197.107":{"id":"ethethoa.net_139.45.197.107","relation":"r_dns_a","source":"ethethoa.net","target":"139.45.197.107"},"foapoopt.com_139.45.197.107":{"id":"foapoopt.com_139.45.197.107","relation":"r_dns_a","source":"foapoopt.com","target":"139.45.197.107"},"oompilsa.com_139.45.197.107":{"id":"oompilsa.com_139.45.197.107","relation":"r_dns_a","source":"oompilsa.com","target":"139.45.197.107"},"mopsaups.net_139.45.197.107":{"id":"mopsaups.net_139.45.197.107","relation":"r_dns_a","source":"mopsaups.net","target":"139.45.197.107"},"ugaupeex.net_139.45.197.107":{"id":"ugaupeex.net_139.45.197.107","relation":"r_dns_a","source":"ugaupeex.net","target":"139.45.197.107"},"esauwoan.com_139.45.197.107":{"id":"esauwoan.com_139.45.197.107","relation":"r_dns_a","source":"esauwoan.com","target":"139.45.197.107"},"shiptoud.com_139.45.197.107":{"id":"shiptoud.com_139.45.197.107","relation":"r_dns_a","source":"shiptoud.com","target":"139.45.197.107"},"mauzobou.net_139.45.197.107":{"id":"mauzobou.net_139.45.197.107","relation":"r_dns_a","source":"mauzobou.net","target":"139.45.197.107"},"soalouve.com_139.45.197.107":{"id":"soalouve.com_139.45.197.107","relation":"r_dns_a","source":"soalouve.com","target":"139.45.197.107"},"japsulsa.com_139.45.197.107":{"id":"japsulsa.com_139.45.197.107","relation":"r_dns_a","source":"japsulsa.com","target":"139.45.197.107"},"neesoape.com_139.45.197.107":{"id":"neesoape.com_139.45.197.107","relation":"r_dns_a","source":"neesoape.com","target":"139.45.197.107"},"139.45.197.107_AS9002":{"id":"139.45.197.107_AS9002","relation":"r_asn","source":"139.45.197.107","target":"AS9002"}}}